[
{
    "filename": "page_65.txt",
    "extracted_result": {
        "question": "धनियना ने होरी को क्यों रोका?",
        "question_type": "स्यकेक्टव",
        "score": "8",
        "answer": "धनियना ने होरी को इसलिए रोका क्योंकि वह नहीं चाहती थी कि होरी गाय को लौटा दे, क्योंकि उसे लगता था कि यह गाय उनके परिवार के लिए फायदेमंद हो सकती है।",
        "tag": "होरी, धनियना, गाय, परिवार"
    }
},
{
    "filename": "page_285.txt",
    "extracted_result": {
        "प्रश्न": "ओंकारनाथ की पत्नी में वही आत्माभिमान क्यों नहीं है ?",
        "प्रश्न_प्रकार": "व्यक्तिगत (संवेदनशील)",
        "स्कोर": "8",
        "उत्तर": "ओंकारनाथ की पत्नी में आत्माभिमान नहीं होने के कई कारण हो सकते हैं, जैसे कि इसके पीछे उसकी परवरिश, शिक्षा और जीवन के अनुभवों का बड़ा हाथ हो सकता है। वह महिलाएं जो समाज की रूढ़िवादी परंपराओं और पितृसत्तात्मक व्यवस्था में पली-बढ़ी हों, उनमें आत्मसंदेह और आत्मसम्मान की कमी हो सकती है।",
        "टैग": "आत्माभिमान, परवरिश, शिक्षा, समाज"
    }
},
{
    "filename": "page_71.txt",
    "extracted_result": {
        "question": "गोबर की धमनियों का रितल प्रबल होने का कारण क्या था?",
        "question_type": "स Subjective ",
        "score": "8",
        "answer": "झुननया का कटाक्ष करके यह कहना कि तुम भी मतलब के यार हो",
        "tag": "प्रेम, प्रतिपादन, युवाओं की समस्याएं, संबंध"
    }
},
{
    "filename": "page_339.txt",
    "extracted_result": {
        "question": "होरी की स्थिति दातादीन के यहाँ क्या थी?",
        "question_type": "वाक्य-उत्तर",
        "score": "8",
        "answer": "होरी अब दातादीन का किसान नहीं, मजदूर है। दातादीन से अब उसका पुराना जमींदार का नहीं, मालिक-मजदूर का नाता है।",
        "tag": "होरी , दातादीन , किसान , मजदूर"
    }
},
{
    "filename": "page_254.txt",
    "extracted_result": {
        "question": "क्या झुनिया को अपने ससुराल में रहना चाहिए?",
        "question_type": "व्यक्तिपरक",
        "score": "8",
        "answer": "नहीं, झुनिया को अपने ससुराल में नहीं रहना चाहिए, क्योंकि उसके ससुर ने उसके साथ अच्छा व्यवहार नहीं किया।",
        "tags": "परिवार, संबंध, झुनिया, ससुराल"
    }
},
{
    "filename": "page_222.txt",
    "extracted_result": {
        "question": "गोबर किसे अपने भाई के नलए नहीं ठीक कर लेता ?",
        "question_type": "सजेटीव",
        "score": 6,
        "answer": "क्योंकि युवती मजबूत जवाब देती है और उसे नियंत्रित करने में सक्षम होती है",
        "tag": "हिंसा"
    }
},
{
    "filename": "page_106.txt",
    "extracted_result": {
        "question": "राष्ट्रीय एकता और भेदभाव से मुक्ति के लिए क्या करना चाहिए?",
        "question_type": "विषयपरक",
        "score": 8,
        "answer": "राष्ट्रीय एकता और भेदभाव से मुक्ति के लिए हमें अपने अहंकार को नतलांजनल  देनी चाहिए और एकता की भावना को बढ़ावा देना चाहिए।",
        "tag": "राष्ट्रीय एकता, भेदभाव, अहंकार, एकता"
    }
},
{
    "filename": "page_437.txt",
    "extracted_result": {
        "question": "दुलारी को रुपये देने के बदले कुछ पाने की उम्मीद है?",
        "question_type": "संज्ञानात्मक",
        "score": "8",
        "options": [
            "हाँ, वादा किया है",
            "नहीं, कोई वादा नहीं किया",
            "शायद, हामी भरी है",
            "नहीं, ऐसी बात नहीं है"
        ],
        "correct_answer": "हाँ, वादा किया है",
        "tag": [
            "दुलारी",
            "रुपये",
            "वादा",
            "उम्मीद"
        ]
    }
},
{
    "filename": "page_212.txt",
    "extracted_result": {
        "question": "गोबर झुननिया के साथ घर जाने से पहले क्यों डर रहा था?",
        "question_type": "सिंगल-लाइन-आंसर",
        "score": 8,
        "answer": "गोबर झुननिया के साथ घर जाने से पहले डर रहा था क्योंकि वह सोचता था कि धनिया उसे मारेगी और झुननिया को घर में घुसने नहीं देगी।",
        "tags": "गोबर, झुननिया, धनिया, घर, डर"
    }
},
{
    "filename": "page_209.txt",
    "extracted_result": {
        "question": "रेहननामा लिखने के बाद होरी को धननया ने क्या पूछा?",
        "question_type": "objective",
        "score": "8",
        "options": [
            "क्या तुम पैसे ले आए हो?",
            "इतनी रात तक वहाँ क्या करते रहे?",
            "क्या तुम अपने खेत में जा रहे हो?",
            "क्या तुमने पंचों से बात की है?"
        ],
        "answer": "इतनी रात तक वहाँ क्या करते रहे?",
        "tag": "रेहननामा, होरी, धननया, घर"
    }
},
{
    "filename": "page_543.txt",
    "extracted_result": {
        "question": "रुद्रपाल ने रायसाहब के ऊपर क्या आरोप लगाया था?",
        "question_type": "वैकल्पिक",
        "score": "8",
        "tag": "परिवार, पिता-पुत्र संबंध, विश्वासघात",
        "options": [
            "नहसाब-िहमी का दावा",
            "अपमान का आरोप",
            "जीवनशैली की आलोचना",
            "भावनात्मक शोषण"
        ],
        "correct_answer": "नहसाब-िहमी का दावा"
    }
},
{
    "filename": "page_260.txt",
    "extracted_result": {
        "question": "डाक्टर मेहता के अनुसार स्त्रियों का पुरुषों के क्षेत्र में आना इस युग का क्या है ?",
        "question_type": "subjective or objective based on the question and its context present",
        "score": 8,
        "options": [
            "कलंक",
            "सफलता",
            "अभिशाप",
            "सामान्य बात"
        ],
        "correct_answer": "कलंक",
        "tags": [
            "स्त्रियों की स्थिति",
            "पुरुषों का क्षेत्र",
            "डाक्टर मेहता के विचार",
            "समाज में बदलाव"
        ]
    }
},
{
    "filename": "page_565.txt",
    "extracted_result": {
        "question": "मंगल को अपनी मूँछें उखड़वाने में कैसा लगा था?",
        "question_type": "विषयपरक",
        "score": "8",
        "answer": "मंगल को अपनी मूँछें उखड़वाने में खास मजा आया था।",
        "tag": "मंगल, मेहता, मूँछें"
    }
},
{
    "filename": "page_328.txt",
    "extracted_result": {
        "question": "गोचवदी का मालती से क्या त्रासदी है जो उसने मोह के सारे बंधन तोड़कर उससे छुटकारा पाने के लिए अपनी व्यथा मेहता जी के सामने रखी?",
        "question_type": "सक्रिय-उत्तर-प्रश्न",
        "score": "9",
        "answer": "गोचवदी का यह मानना है कि मालती उसके जीवन को बर्बाद कर रही है, उसने उसका सौभाग्य लूट लिया है और वह उसे अपने शस्त्र से पराजित नहीं कर सकती है।",
        "tag": "व्यथा, मोह, सौभाग्य, बर्बादी, पराजित"
    }
},
{
    "filename": "page_581.txt",
    "extracted_result": {
        "question": "'बस, एक ही कदन खेलाया ?'",
        "question_type": "Objective",
        "score": "8",
        "options": {
            "option1": "-हाूँ, एक ही कदन",
            "option2": "-दो कदन",
            "option3": "-दिनभर",
            "option4": "-कभी-कभी"
        },
        "correct_answer": "-हाूँ, एक ही कदन",
        "tags": "बच्चा, खेल, खटोला, मिलन-जुलन"
    }
},
{
    "filename": "page_252.txt",
    "extracted_result": {
        "question": "होरी के दादा ने क्या कहा था?",
        "question_type": "स objektive ",
        "score": "8",
        "options": [
            "बैलों को लेकर चले जाओ",
            "उनका धर्म कहता है तो ले जाओ",
            "हमारी मरजी होगी, तो बैल-बंधने के लिए हामी भर देंगे",
            "उनका पेट भर जाए, हमारे भगवान मानलक हैं"
        ],
        "correct_answer": "उनका धर्म कहता है तो ले जाओ",
        "tag": [
            "परिवार",
            "धर्म",
            "बैल"
        ]
    }
},
{
    "filename": "page_227.txt",
    "extracted_result": {
        "प्रश्न": "जरा -ग्रस्त लोगों का जीवन कैसा होता है? ",
        "प्रश्न_प्रकार": "वैकल्पिक प्रश्न",
        "स्कोर": "8",
        "विकल्प": [
            "जीवन नीरस, निरार्थक, केवल एक ढराद मात्र हो गया था",
            "जीवन अपार संभावनाओं से भरा होता है",
            "जीवन पूरी तरह से आनंदमय होता है",
            "जीवन अस्थिर और अनिश्चित होता है"
        ],
        "सही_उत्तर": "जीवन नीरस, निरार्थक, केवल एक ढराद मात्र हो गया था",
        "टैग": [
            "जरा -ग्रस्त लोग",
            "जीवन",
            "नीरस",
            "निरार्थक"
        ]
    }
},
{
    "filename": "page_309.txt",
    "extracted_result": {
        "question": "नगर धर ताड़ी के साथ क्या हुआ था जब उसने होरी के सारा का सारा ले लिया था ?",
        "question_type": "subjective",
        "score": "8",
        "answer": "नगर धर ताड़ी के अनुसार, चितगुटरया ने उसे एक इक्कनी मुंह में दबा कर ले लिया था, जिसके कारण उसे भी एक पैसा नहीं मिला था और वह बहुत दुखी था",
        "tag": "होरी , चितगुटरया , नगरधर ताड़ी , रुपया , धोखा"
    }
},
{
    "filename": "page_593.txt",
    "extracted_result": {
        "question": "दातादीन ने पूछा - कैसा मुकदमा है महतो?",
        "question_type": "वस्तुनिष्ठ",
        "score": "8",
        "options": [
            "अनाज की बिक्री से संबंधित मुकदमा।",
            "ज़मींदारी के अधिकार से संबंधित मुकदमा।",
            "विवादित ज़मीन के स्वामित्व से संबंधित मुकदमा।",
            "नाजायज़ कब्जे के खिलाफ मुकदमा।"
        ],
        "correct_answer": "विवादित ज़मीन के स्वामित्व से संबंधित मुकदमा।",
        "tag": [
            "मुकदमा",
            "विवादित ज़मीन",
            "ज़मींदारी",
            "अधिकार"
        ]
    }
},
{
    "filename": "page_488.txt",
    "extracted_result": {
        "question": "मालती के बारे में खन्ना क्या सोचता था?",
        "question_type": "संज्ञात्मक ",
        "score": 8,
        "answer": "मालती , वही मालती , जो खुद कभी अपने जूते न पहनती थी , जो खुद कभी नबजली का बटन तक न दबाती थी , जिसका जीवन आलस और आराम ही जीवन था!",
        "tag": "मालती , खन्ना , आलस , आराम"
    }
},
{
    "filename": "page_551.txt",
    "extracted_result": {
        "question": "नमजाद और मेहता के बीच क्या बातचीत हुई?",
        "question_type": "संज्ञाओँ",
        "score": "8",
        "options": [
            "नमजाद ने मेहता को खन्ना के पास जाने के लिए कहा",
            "मेहता ने नमजाद को तपस्या करते हुए देखा",
            "मेहता और नमजाद ने मालती की शादी के बारे में बात की",
            "नमजाद और मेहता ने एक दूसरे के साथ मुलाकात का समय तय किया"
        ],
        "correct_answer": "मेहता और नमजाद ने मालती की शादी के बारे में बात की",
        "tag": "#मालती #शादी #नमजाद #मेहता"
    }
},
{
    "filename": "page_273.txt",
    "extracted_result": {
        "question": "दम्पति कैसे सुखी रह सकते हैं, इसका कोई ताजा नुस्खा आपके पास है?",
        "question_type": "सहज़प्रश्न",
        "score": 8,
        "answer": "",
        "tag": "दम्पति सुख",
        "options": [
            "आदशद और मयाददा का पालन करना",
            "त्याग का महत्व समझना",
            "गरीब नाटरयों को उपदेश देना",
            "सेवा और कतदव्य आकद"
        ],
        "correct_answer": "आदशद और मयाददा का पालन करना"
    }
},
{
    "filename": "page_428.txt",
    "extracted_result": {
        "question": "नवचार में धननया गलत कर रही थी क्योंकि उसने क्या किया था?",
        "question_type": "subjective",
        "score": 8,
        "answer": "नवचार में धननया गलत कर रही थी क्योंकि उसने सोने के लिए होरी से जगह मांगने पर टालमटोल किया और होरी के कमजोर हालात को देखकर भी मदद करने में आनाकानी की। ",
        "tag": "धननया, होरी , नीयत, इज्जत, दबैल"
    }
},
{
    "filename": "page_51.txt",
    "extracted_result": {
        "प्रश्न": "रूपा गाय के गोबर को पाथने के लिए क्यों कहती है?",
        "प्रश्न_प्रकार": "विश्लेषणात्मक",
        "स्कोर": "8",
        "उत्तर": "रूपा इसलिए कहती है क्योंकि वह गाय को अपना मानती है और उसका दूध वही दुहना चाहती है, इसके अलावा भी वह सोना से ईर्ष्या रखती है और इसलिए उसे लगता है कि सोना क्यों गाय का गोबर पाथेगी?",
        "टैग": "रूपा, गाय, सोना, ईर्ष्या, अधिकार"
    }
},
{
    "filename": "page_588.txt",
    "extracted_result": {
        "question": "सुख में और दु:ख में धर्म का अर्थ क्या होता है ?",
        "question_type": "विषयपरक",
        "score": "8",
        "answer": "सुख में धर्म दान देना होता है, जबकि दुख में धर्म भीख मांगना होता है।",
        "tag": [
            "धर्म",
            "सुख",
            "दुख"
        ]
    }
},
{
    "filename": "page_353.txt",
    "extracted_result": {
        "question": "गोबर के अनुसार दातादीन की क्या कमी है?",
        "question_type": "सजेक्टिव",
        "score": "8",
        "answer": "गोबर के अनुसार दातादीन की अधिक कमाई की लालसा की कमी है, जिसके कारण वह भांग पीकर पड़ा रहता है",
        "tags": "गोबर, दातादीन, कमाई, भांग"
    }
},
{
    "filename": "page_120.txt",
    "extracted_result": {
        "question": "आनखर वहाूँ भोजन करेंगे या भ खों मरेंगे ?",
        "question_type": "सब्जेक्टिव प्रश्न",
        "score": "8",
        "answer": "यह प्रश्न खन्ना द्वारा पूछा गया है, जिसमें वह सुझाव दे रहे हैं कि वे आनखर वहां भोजन करेंगे या अपने साथ भोजन ले जाएंगे। इसका उत्तर पूरे संदर्भ में नहीं दिया गया है, लेकिन यह स्पष्ट है कि खन्ना किसी भी स्थिति में तैयार हैं।",
        "tags": [
            "भोजन",
            "आनखर",
            "खन्ना"
        ]
    }
},
{
    "filename": "page_323.txt",
    "extracted_result": {
        "question": "मेहता बच्चे को चुप कराने में कैसे सफल हुए ?",
        "question_type": "सज्ज्ञात्मक",
        "score": "8",
        "answer": "उन्होंने बच्चे को कई बार उछाला और एक मंतर के जोर से चुप करा दिया।",
        "tag": "मेहता, बच्चा, चुप कराने की कला"
    }
},
{
    "filename": "page_558.txt",
    "extracted_result": {
        "prasna": "स्त्री को दान और त्याग होना चाहिए, ऐसा क्यों मन जाता है?",
        "prasna_prakaar": "वस्तुनिष्ठ",
        "ank": "6",
        "uttra": "",
        "tags": "स्त्री की भूमिका, दान, त्याग",
        "vikalpa": [
            "क्योंकि यह समाज के लिए आवश्यक है",
            "क्योंकि यह उसकी सबसे बड़ी नवभ नत है",
            "क्योंकि यह उसकी मर्यादा है",
            "क्योंकि यह उसकी सच्ची परीक्षा है"
        ],
        "sahayak_uttra": "क्योंकि यह उसकी सबसे बड़ी नवभ नत है"
    }
},
{
    "filename": "page_568.txt",
    "extracted_result": {
        "प्रश्न": "मेहता और मालती के बीच का संबंध क्या है? ",
        "प्रश्न_प्रकार": "विषयपरक ",
        "स्कोर": 8,
        "उत्तर": "मेहता और मालती के बीच का संबंध एक आध्यात्मिक और आत्मिक संबंध है, जिसमें मेहता मालती को अपने गुरु और देवता के रूप में देखता है, और मालती मेहता को अपने जीवन के मार्गदर्शक के रूप में मानती है",
        "टैग": [
            "मेहता",
            "मालती",
            "आध्यात्मिक संबंध",
            "गुरु-शिष्य"
        ]
    }
},
{
    "filename": "page_238.txt",
    "extracted_result": {
        "question": "कायापलट होने पर क्या हुआ ?",
        "question_type": "वस्तुनिष्ठ",
        "score": 8,
        "options": [
            "नमजाद साहब जमीन पर पड़े हुए थे और मेहता दौड़े हुए पाली की ओर भागे जा रहे थे",
            "प्रत्येक मुख पर यह शब्द थे - डाक्टर साहब ने बाजी मार ली",
            "मेहता और नमजाद एक ही मेज पर आमने-सामने बैठे",
            "कायापलट होने पर सभी मेहता के जीवट और दम और धैयद की प्रशंसा करने लगे"
        ],
        "correct_answer": "कायापलट होने पर सभी मेहता के जीवट और दम और धैयद की प्रशंसा करने लगे",
        "tags": [
            "कायापलट",
            "मेहता",
            "नमजाद",
            "जीत"
        ]
    }
},
{
    "filename": "page_455.txt",
    "extracted_result": {
        "question": "नोहरी ने भोला पर किस तरह का प्रभाव डाल रखा था?",
        "question_type": "विशेषणात्मक",
        "score": "8",
        "answer": "नोहरी ने भोला पर वशीकरण जैसा प्रभाव डाल रखा था, जिसके कारण वह अपने मन की बात कहने में असमर्थ था",
        "tag": "नोहरी, भोला, वशीकरण, प्रभाव"
    }
},
{
    "filename": "page_305.txt",
    "extracted_result": {
        "question": "होरी को सहुआइन की ओर से कितने रुपये देने थे?",
        "question_type": "एकल-पंक्ति-उत्तर",
        "score": "8",
        "answer": "सौ रुपये साठ रुपया",
        "tag": "ऊख, रूपये, होरी, सहुआइन"
    }
},
{
    "filename": "page_187.txt",
    "extracted_result": {
        "प्रश्न": "दातादीन के अनुसार अब उसका क्या हाल हो सकता है ?",
        "प्रश्न प्रकार": "सहज-उत्तर प्रश्न",
        "स्कोर": "8",
        "उत्तर": "दातादीन को लगता है कि उसका सिराप लगा है और वह मुह नहीं खोल सकता",
        "टैग": [
            "मुह खोलने में असमर्थ",
            "दातादीन की सजा",
            "सराप"
        ]
    }
},
{
    "filename": "page_117.txt",
    "extracted_result": {
        "question": "होरी क्यों खान के सामने नहीं टिक सकता था ?",
        "question_type": "विषयगत",
        "score": "8",
        "answer": "होरी खान के सामने नहीं टिक सकता था क्योंकि वह लाल पगड़ी देखकर डर जाता था और खान के हथकंडों के सामने उसकी एक न चलتي थी",
        "tag": "होरी , खान , लाल पगड़ी , डर"
    }
},
{
    "filename": "page_286.txt",
    "extracted_result": {
        "question": "ओंकारनाथ ने रायसाहब को क्यों चुनौती दी?",
        "question_type": "संज्ञानात्मक",
        "score": 7,
        "options": [
            "ओंकारनाथ ने रायसाहब को चुनौती दी क्योंकि वह सत्य और न्याय की रक्षा करना चाहते थे।",
            "ओंकारनाथ ने रायसाहब को चुनौती दी क्योंकि वह अपना पत्र संपादक के रूप में अपना अधिकार दिखाना चाहते थे।",
            "ओंकारनाथ ने रायसाहब को चुनौती दी क्योंकि वह उनकी आलोचना से दुखी थे।",
            "ओंकारनाथ ने रायसाहब को चुनौती दी क्योंकि वह उनके पैसे लेना नहीं चाहते थे।"
        ],
        ".answer": "ओंकारनाथ ने रायसाहब को चुनौती दी क्योंकि वह सत्य और न्याय की रक्षा करना चाहते थे।",
        "tags": "न्याय, सत्य, पत्र-संपादन, स्वतंत्रता, चुनौती"
    }
},
{
    "filename": "page_89.txt",
    "extracted_result": {
        "question": "मेहता साहब का कैसा व्यक्तित्व था?",
        "question_type": "निष्कर्ष",
        "score": 8,
        "options": [
            "मेहता साहब बहुत खुशनुमाज और रहनसार थे",
            "मेहता साहब बहुत शर्मीले और डरपोक थे",
            "मेहता सахब बहुत निडर और साहसी थे",
            "मेहता साहब बहुत पढ़े-लिखे थे"
        ],
        "correct_answer": "मेहता साहब बहुत शर्मीले और डरपोक थे",
        "tags": "मेहता साहब, व्यक्तित्व, खुशनुमाज, रहनसार, शर्मीले, डरपोक"
    }
},
{
    "filename": "page_99.txt",
    "extracted_result": {
        "question": "नवश्वास क्या है ?",
        "question_type": "विषयपरक",
        "score": 6,
        "answer": "साहित्य में नवश्वास के अर्थ है नई सांस या नई जान जो किसी बंद की जा चुकी या अंतिम समय की चीज़ में आ जाए।",
        "tag": "साहित्य, नवश्वास, जीवन"
    }
},
{
    "filename": "page_533.txt",
    "extracted_result": {
        "question": "'आपकी अक्ल पर मुझे अिसोस आता है। मालती को जानते हो , कैसी औरत है ? उसकी बहन क्या कुछ और होगी?'",
        "question_type": "subjective ",
        "score": "8",
        "answer": "यह प्रश्न रायसाहब की मालती के बारे में उनकी राय और उनकी बहन सरोज की तुलना के बारे में है। रायसाहब को लगता है कि सरोज भी मालती की तरह ही होगी।",
        "tag": "रायसाहब, मालती, सरोज, शादी, रुद्रपाल"
    }
},
{
    "filename": "page_604.txt",
    "extracted_result": {
        "question": "रामसेवक किनके आधे रुपये जमा करना चाहता था ?",
        "question_type": "ओब्जेक्टिव",
        "score": 8,
        "options": [
            "गोबर",
            "मंगल",
            "खुद के ",
            "दूसरे मजदूर"
        ],
        "correct_answer": "गोबर",
        "tags": [
            "रामसेवक ",
            " गोबर ",
            " मजदूर",
            "रुपये"
        ]
    }
},
{
    "filename": "page_555.txt",
    "extracted_result": {
        "question": "क्या मेहता जी ककराए की नडगरी का कारण बनते हैं ",
        "question_type": "objective",
        "score": 8,
        "options": [
            "हाँ, मेहता जी ककराए की नडगरी का कारण बनते हैं",
            "नहीं, मेहता जी ककराए की नडगरी का कारण नहीं बनते हैं",
            "मेहता जी ककराए की नडगरी का कारण बनते हैं लेकिन अमीन इसके लिए जिम्मेदार है",
            "मेहता जी ककराए की नडगरी का कारण नहीं बनते हैं और अमीन इसके लिए जिम्मेदार है"
        ],
        "correct_answer": "हाँ, मेहता जी ककराए की नडगरी का कारण बनते हैं",
        "tag": "मेहता जी, ककराए, नडगरी"
    }
},
{
    "filename": "page_300.txt",
    "extracted_result": {
        "question": "क्या तुम्हारा ब्याह किसी देवता से होगा। गाँव में ऐसा सुंदर, सजीला जवान दूसरा कौन है ?",
        "question_type": "वस्तुनिष्ठ प्रश्न",
        "score": "8",
        "options": [
            "हाँ, मेरा ब्याह किसी देवता से होगा",
            "नहीं, मेरा ब्याह किसी जवान से होगा",
            "पता नहीं",
            "कोई जवाब नहीं"
        ],
        "correct_answer": "",
        "tags": "विवाह, देवता, जवान, गाँव"
    }
},
{
    "filename": "page_610.txt",
    "extracted_result": {
        "question": "गोदान का महत्व क्या है ?",
        "question_type": "विषयपरक",
        "score": "8",
        "answer": "गोदान का मतलब है अपने गाय और भूमि को दान करना",
        "tag": "गोदान, महत्व, होरी, धनिया"
    }
},
{
    "filename": "page_390.txt",
    "extracted_result": {
        "question": "",
        "question_type": "",
        "score": 8,
        "options": [
            "",
            "",
            "10,000",
            ""
        ],
        "correct_answer": "",
        "tags": [
            "",
            "",
            ""
        ]
    }
},
{
    "filename": "page_249.txt",
    "extracted_result": {
        "question": "होरी और भोला के बीच क्या समस्या है?",
        "question_type": "विषयपरक",
        "score": 8,
        "answer": "होरी और भोला के बीच समस्या है कि होरी ने ऊख पेरने के बाद रुपए देने को कहा था, लेकिन अब वह रुपए देने में असमर्थ है।",
        "tag": "समस्या, संघर्ष, ऋण"
    }
},
{
    "filename": "page_76.txt",
    "extracted_result": {
        "question": "इसीनलए नतलक -मुद्रा का जाल नबछाए बैठे हो ?",
        "question_type": "व्यक्तिगत",
        "score": "8",
        "answer": "नहीं, मैं ऐसी चीजों में विश्वास नहीं करती",
        "tag": "नतलक - मुद्रा, जाल"
    }
},
{
    "filename": "page_156.txt",
    "extracted_result": {
        "question": "रायसाहब खन्ना से ऐसा क्यों कह रहे थे?",
        "question_type": "इकलाइन(answer)-प्रश्न",
        "score": 8,
        "answer": "यह कोई भी खन्ना को दबाव नहीं डालना चाहता]",
        "tag": [
            "खन्ना",
            "राय साहब",
            "चर्चा",
            "वाद-विवाद"
        ]
    }
},
{
    "filename": "page_379.txt",
    "extracted_result": {
        "question": "गोबर को रोज का कितना रुपया घाटा हो रहा है?",
        "question_type": "objective",
        "score": "8",
        "options": [
            "दो-तीन रुपए",
            "पाँच रुपए",
            "दस रुपए",
            "बीस रुपए"
        ],
        "correct_answer": "दो-तीन रुपए",
        "tag": [
            "गोबर की आर्थिक स्थिति",
            "रोज़ का घाटा"
        ]
    }
},
{
    "filename": "page_369.txt",
    "extracted_result": {
        "question": "क्या होरी को पंडित जी का रुपया चुकाने में दिक्कत हो रही थी?",
        "question_type": "सभ्य प्रश्न",
        "score": 8,
        "options": [
            "हाँ",
            "नहीं"
        ],
        "correct_answer": "हाँ",
        "tag": "समाजिक समस्या,किसान की समस्या"
    }
},
{
    "filename": "page_518.txt",
    "extracted_result": {
        "question": "नारी को समाज-कल्याण के लिए अपने अधिकारों की रक्षा करने का क्या तरीका होना चाहिए?",
        "question_type": "वैकल्पिक (संभवतः व्यक्तिवादी)",
        "score": "8",
        "answer": "नारी को समाज-कल्याण के लिए अपने अधिकारों की रक्षा करने के लिए अपने अधिकारों का प्रयोग करना चाहिए, जैसे कि किसानों को अपनी रक्षा के लिए इस देवत्व का कुछ त्याग करना पड़ता है।",
        "tag": "नारी अधिकार, समाज कल्याण, आत्मनिर्भरता"
    }
},
{
    "filename": "page_522.txt",
    "extracted_result": {
        "question": "क्या शहरी जीवन में प्रकृति के साथ जुड़ने का संस्कार नहीं हो सकता ?",
        "question_type": "व्यक्तिगत",
        "score": "7",
        "answer": "नहीं, मेहता जी ने कहा कि यह उनके पिछले जन्म का संस्कार है जिससे उन्हें प्रकृति के साथ जुड़ने में आनंद आता है।",
        "tag": "प्रकृति, संस्कार, शहरी जीवन"
    }
},
{
    "filename": "page_272.txt",
    "extracted_result": {
        "question": "नारी जीवन का पेशा क्या होना चाहिए?",
        "question_type": "वैकल्पिक",
        "score": "8",
        "options": [
            "प्रेम",
            "सेवा",
            "धोखा",
            "लालसा"
        ],
        "correct_answer": "सेवा",
        "tags": "नारी जीवन, प्रेम, सेवा, धोखा, लालसा"
    }
}
]
