[
{
    "extracted_result": {
        "question": "नारी और पुरुष में समान शनियाँ हैं क्या?",
        "question_type": "वस्तुनिष्ठ",
        "score": 8,
        "options": [
            "हाँ, दोनों में समान शनियाँ हैं",
            "नहीं, दोनों में अलग-अलग शनियाँ हैं",
            "नारी पुरुष से अधिक श्रेष्ठ है",
            "पुरुष नारी से अधिक श्रेष्ठ है"
        ],
        "correct_answer": "नहीं, दोनों में अलग-अलग शनियाँ हैं",
        "tag": "नारी और पुरुष, समानता, शनियाँ"
    }
},
{
    "extracted_result": {
        "question": "खान की बंदूक की धमकी से नमस मालती और खन्ना की चपड़नलया क्या हालत हो गई थी?",
        "question_type": "वस्तुनिष्ठ",
        "score": 8,
        "options": [
            "वे डर गए और चुप हो गए",
            "उन्होंने खान का विरोध किया",
            "उन्होंने पुलिस को बुला लिया",
            "उन्होंने खान से समझौता किया"
        ],
        "correct_answer": "वे डर गए और चुप हो गए",
        "tag": "खान, नमस मालती, खन्ना, डर, बंदूक"
    }
},
{
    "extracted_result": {
        "question": "गोबर ने जंगी को अपने साथ ले जाने का कारण भोला को क्या बताया?",
        "question_type": "वस्तुनिष्ठ",
        "score": 8,
        "options": [
            "पैसे कमाने के लिए",
            "शहर में पढ़ाई करने के लिए",
            "जंगी का भविष्य बनाने के लिए",
            "जंगी के उपद्रव से मुक्ति पाने के लिए"
        ],
        "correct_answer": "जंगी के उपद्रव से मुक्ति पाने के लिए",
        "tag": "परिवार, संबंध"
    }
},
{
    "extracted_result": {
        "question": "मेहता को स्त्री को पुरुष के रूप में देखकर कैसा लगता है?",
        "question_type": "विषयपूर्ण",
        "score": "8",
        "answer": "मेहता को स्त्री को पुरुष के रूप में देखकर वेदना होती है",
        "tag": "लिंगभेद, स्त्री की स्थिति"
    }
},
{
    "extracted_result": {
        "question": "क्या असीम की ओर पहुँचने के लिए हमें स्वार्थ और अपनापन त्यागना होगा?",
        "question_type": "विषयपरक (Subjective)",
        "score": "9",
        "answer": "हाँ, असीम की ओर पहुँचने के लिए हमें स्वार्थ और अपनापन त्यागना होगा, अन्यथा हम बंधन में पड़ जाएंगे और हमारी मानवता का क्षेत्र नहीं बढ़ पाएगा।",
        "tag": "आत्मा, स्वार्थ, अपनापन, मानवता, असीम"
    }
},
{
    "extracted_result": {
        "question": "मालती ने खन्ना से क्यों कहा कि वह उसके अनेक चाहने वालों में से एक हैं?",
        "question_type": "संज्ञानात्मक",
        "score": "8",
        "answer": "मालती ने यह कहा क्योंकि वह खन्ना के धनोन्माद और उसके द्वारा किए गए अपमान का जवाब देना चाहती थी।",
        "tag": "मालती, खन्ना, धनोन्माद, आत्मनिर्भरता"
    }
},
{
    "extracted_result": {
        "question": "क्या घर में मेरा नहीं है ?",
        "question_type": "स्पष्ट",
        "score": "8",
        "answer": "",
        "options": [
            "सही है",
            "नहीं है",
            "शायद है",
            "पता नहीं"
        ],
        "correct_answer": "सही है",
        "tags": "परिवार, अधिकार, सम्मान"
    }
},
{
    "extracted_result": {
        "question": "इस प्रश्न पर विचार कर रही हूँ और अंत में मैंने यह तय किया है कि नारीत्व को बन कर रहना स्त्री-पुरुष बन कर रहने से कहीं सुखदार है क्या है?",
        "question_type": "विषयपरक",
        "score": "8",
        "answer": "यह प्रश्न कि नारीत्व को बन कर रहना स्त्री-पुरुष बन कर रहने से कहीं सुखदार है, इसका अर्थ है कि क्या स्त्री का अपना अस्तित्व और पहचान महत्वपूर्ण है? इसका उत्तर यह हो सकता है कि अपनी अस्मिता और स्वतंत्रता को महत्व देना सुखदायक हो सकता है।",
        "tag": [
            "नारीत्व",
            "स्त्री-पुरुष",
            "अस्मिता",
            "स्वतंत्रता"
        ]
    }
},
{
    "extracted_result": {
        "question": "सोना को सबसे ज्यादा क्या चिंता थी?",
        "question_type": "सामग्री से संबंधित एकल-पंक्ति उत्तर",
        "score": "8",
        "answer": "सोना को सबसे ज्यादा चिंता थी कि नसल्लो उसकी सौत बन कर उसके पति के साथ रिश्ता बना सकती थी।",
        "tags": "परमानेंटता, सौत, पति, पत्नी"
    }
},
{
    "extracted_result": {
        "question": "क्या धन किसी नारी के हृदय पर आज तक कभी विजय पा सका है?",
        "question_type": "निष्कर्षवादी",
        "score": "8",
        "answer": "नहीं ",
        "tags": "नारी, धन, हृदय"
    }
}
]
