[
    {
        "filename": "page_97.txt",
        "extracted_result": {
            "question": "",
            "question_type": "",
            "score": "0",
            "options": "",
            "correctAnswer": "",
            "tags": ""
        }
    },
    {
        "filename": "page_85.txt",
        "extracted_result": {
            "question": "भितवांचून गृहाचे घर रकमेचे वाटते.",
            "question_type": "स्पष्टपणे उत्तर देणारा प्रश्न",
            "correct_answer": "होय",
            "tag": "गृह, रकमे, भीती",
            "score": 8
        }
    },
    {
        "filename": "page_32.txt",
        "extracted_result": {
            "question": "माणसाचे मन कसे पवित्र राहू शकते?",
            "question_type": "single-line-answer",
            "score": 8,
            "answer": "माणसाचे मन त्याच्या कर्मानुसार बनते म्हणून तो नेहमी आचार-विचार सुसंस्कृत ठेवावेत.",
            "tags": "आचार-विचार, मन, पवित्रता, कृतकर्म"
        }
    },
    {
        "filename": "page_91.txt",
        "extracted_result": {
            "question": "नसतांही जो आपल्या भावाने वागतो तोच आपला बंधु, तोच मित्र, तोच आपला आधार आणि तोच मोठा सहारा कसा काय?",
            "question_type": "सचोटी",
            "score": "8",
            "answer": "कसंहीही असो, जो आपल्या भावाने वागतो तो आपला खरा मित्र असतो, त्याच्यावर आपला विश्वास बसू शकतो आणि तो कठीण परिस्थितीत आपल्या साथी असू शकतो.",
            "tag": "बंधु, मित्र, आधार, सहारा, भाव"
        }
    },
    {
        "filename": "page_75.txt",
        "extracted_result": {
            "question": "पाऊस डोंगरावर पडला तरी शेतात कोणते फळ मिळणार ?",
            "question_type": "वस्तुनिष्ठ",
            "correct_answer": "फळ मिळणार नाही",
            "tag": [
                "पाऊस",
                "डोंगर",
                "शेत",
                "फळ"
            ],
            "score": 8
        }
    },
    {
        "filename": "page_55.txt",
        "extracted_result": {
            "question": "धारणा करण्याचा गुण कोणता आहे?",
            "question_type": "संज्ञानात्मक प्रश्न",
            "score": 8,
            "answer": "जो युजुक्त असेल त्याला धम करण्याचा अधिकार आहे",
            "tag": "[धारण, करणे, अधिकार, धम]"
        }
    },
    {
        "filename": "page_4.txt",
        "extracted_result": {
            "question": "जणू काय मृत्युपाठोपाठ मरणार नाही अशा प्रकारे कोणत्या लोकांना आयुष्य उततम असते? ",
            "question_type": "objective",
            "score": "8",
            "options": [
                "फक्त अभावग्रस्त लोक",
                "फक्त सुखी लोक",
                "दोन्हीपैकी काही लोक",
                "त्यांना शोक करता येत नाही आणि आयुष्याचा अमाप आनंद घेता येत नाही. त्यांच्या अंतःकरणात लोभबुद्धी होत नाही."
            ],
            "correct_answer": "त्यांना शोक करता येत नाही आणि आयुष्याचा अमाप आनंद घेता येत नाही. त्यांच्या अंतःकरणात लोभबुद्धी होत नाह.",
            "tag": "आयुष्य उत्तम, मृत्युपाठोपाठ, शोक, लोभबुद्धी"
        }
    },
    {
        "filename": "page_101.txt",
        "extracted_result": {
            "question": "ज्या व्यक्‍तीने उपनिषदे व वेद श्रवण केलेले नाहीत, त्यांना नसीका नव्हती म्हणून समजावे.",
            "question_type": "स.subjective",
            "score": "8",
            "answer": "ज्या व्यक्‍तीने उपनिषदे व वेद श्रवण केलेले नाहीत, त्यांना समजावे की जसे एका अनाथाला सोन्याची सुई समजत नाही,त्याप्रमाणे उपनिषदे व वेद श्रवण केलेल्या माणसांना देव समजत नाही.  ",
            "tag": "उपनिषदे, वेद, श्रवण"
        }
    },
    {
        "filename": "page_33.txt",
        "extracted_result": {
            "question": "कामाचारी आणि रुचीचारी यांमध्ये काय फरक आहे ?",
            "question_type": "वैयक्तिक प्रश्न ",
            "correct_answer": "कामचारी तो असतो जो कामाने सुखी असतो, आणि रुचीचारी तो असतो जो इंद्रियांचे दमन करून आनंद मानतो.",
            "score": "8",
            "options": "कामाचारी, रुचीचारी, इंद्रियांचे दमन, आनंद"
        }
    },
    {
        "filename": "page_81.txt",
        "extracted_result": {
            "question": "पािहज े गेलेली वेळ इफन येत नसते आिण काय े साधयाा इेने योय काळाची वाट पाहणाढया पुषान े आलेली संिध गमावली तर ती ाला इफन इमळण े कठीण असते .",
            "question_type": "subjective",
            "score": "8",
            "answer": "होय",
            "tags": "वेळ, संधी, इफन येणे, काळ"
        }
    },
    {
        "filename": "page_58.txt",
        "extracted_result": {
            "question": "जगात असे कोणते पाप नाही की जे लोकांना पूर्णपणे पूरवू शकते?",
            "question_type": "सखोल उत्तर",
            "score": 8,
            "tag": [
                "नैतिकता",
                "नैतिक मूल्य",
                "मानवी स्वभाव"
            ],
            "answer": "ते असे आहे जसे पाण्याला कोणत्याही दोषाने काळे करणे शक्य नाही. मनालाही त्याच्या विकृतीचा परिणाम भोगावा लागतो."
        }
    },
    {
        "filename": "page_73.txt",
        "extracted_result": {
            "question": "पायाने आंगिभजिवले असे तरी का नाहीत?",
            "question_type": "व्यक्तिपरत्वे",
            "score": "8",
            "answer": "ाने इंिियदमनप उदका ंत ान केल तोच खरोखर ’ात ’झाला. तो अंतबाशुिचभूत झाला.",
            "tags": "पाय, आंग, इंिियदमन"
        }
    },
    {
        "filename": "page_102.txt",
        "extracted_result": {
            "question": "मनुांना  कसे ओळखावेत ?",
            "question_type": "स्पष्टीकरणात्मक",
            "correct_answer": " मनुांना ijचा ाग करीत नाहीत, शरीर जीण होत असतां जी कमी होत नाही , जी केवळ उाणातच संपणाढया रोगासारखी आहे, तृेचा शोभत नाही.",
            "score": "८",
            "tag": "सुBhartता महाभारत"
        }
    },
    {
        "filename": "page_121.txt",
        "extracted_result": {
            "question": "संघ टणाटण कसे होतात ? ",
            "question_type": "सगल्ड-उत्तर ",
            "score": 8,
            "answer": "संघ कारणे एकटे राहिलेले लोक अंती वेगळे होतात.",
            "tags": "संघ, एकता, वेगळेपण"
        }
    },
    {
        "filename": "page_108.txt",
        "extracted_result": {
            "question": "शासकाला किलभ दोष आहे तर तो राजा कसा ठरतो?",
            "question_type": "subjective",
            "score": "8",
            "answer": "तो राजा मूित मंत होय",
            "tags": "राजा, शासन, दोष"
        }
    },
    {
        "filename": "page_53.txt",
        "extracted_result": {
            "question": "स.backup थकामाोऽ ेित  सोऽ ं सुखम ुते",
            "question_type": "वैयिक",
            "score": "8",
            "answer": "स.backup थकामाोऽ ेित  सोऽ ंसुखम ुते म्हणजे धम आणि काम यांचे सेवन अनुचित असते",
            "tag": [
                "धम",
                "काम",
                "सेवन",
                "अनुचित",
                "सुख"
            ]
        }
    },
    {
        "filename": "page_8.txt",
        "extracted_result": {
            "question": "असा पुष उत्तम कीऱ्यून ुत होतो ,व गलोकिह गमाव ून बसतो.",
            "question_type": "सुभजेक्टीव",
            "score": "8",
            "answer": "असा पुष उत्तम कीऱ्यून ुत होण्याचे कारण त्याच्या आयुष्यात उत्कृष्ट कृत्ये असतात.",
            "tags": "उत्तम पुष, उत्कृष्ट कृत्ये, आध्यात्मिक विकास"
        }
    },
    {
        "filename": "page_52.txt",
        "extracted_result": {
            "question": "राजाचा अपहार होऊ लागला तर आम्हाला कोणाला शोध करायला हवा?",
            "question_type": "(single-line-answer)",
            "score": "8",
            "answer": "जो धनाद्वारे राजाची सेवा करतो व राजा त्याचे धन हरपले आहे असे केल्यास तो देशाचा शत्रू होऊन राजाचा अपहार करू शकतो, अशा शत्रूला आम्हाला शोधून काढायला हवे.",
            "tags": "राजा, शत्रू, धन, अपहार"
        }
    },
    {
        "filename": "page_16.txt",
        "extracted_result": {
            "question": "सन्शयाद मनुांवर मुळीच िवास ठेवू नये का ?",
            "question_type": "व्यक्तपणे",
            "score": 8,
            "answer": "कारण िवास ू मनुांकड ून काही संकट उ झाले तर त समूळ नाश करते",
            "tag": "सन्शय, व्यक्तपणे, विास"
        }
    },
    {
        "filename": "page_87.txt",
        "extracted_result": {
            "question": "मनसा ेियाणा ं चा ैका ं परमं तपः का आहे?",
            "question_type": "सुब्जेक्टिव",
            "score": "8",
            "answer": "मन  आिण इंििये यांची एकामता सा करणे हे फार मोठे तप आहे. ही एकामता सव उारा कमाचरणाप ेा उ आहे. ती सा करणे हा उ धम होय.",
            "tag": "मन, एकामता, तप"
        }
    },
    {
        "filename": "page_119.txt",
        "extracted_result": {
            "question": "संयत इंद्रिय>e केल्याने नर स्त्रीला ब>त> आहे",
            "question_type": "स>ब्ज>क्टिव",
            "score": "8",
            "answer": "होय",
            "tag": "संयम, इंद्रिय, मनुष्यLifecycle, ब्रह्मचर्य"
        }
    },
    {
        "filename": "page_64.txt",
        "extracted_result": {
            "question": "खरोखर परストीगरमनाइतके पुरुषाची आयुष्याची हाण करणार जगात काही नाही का ?",
            "question_type": "संज्ञापन प्रश्न",
            "score": "9",
            "answer": "होय, पराया स्त्रीगमन हे पुरुषांच्या आयुष्याची हानी करणारे आहे.",
            "tag": "पराया स्त्रीगमन, आयुष्याची हानी, पुरुषाचे नीतिशास्त्र"
        }
    },
    {
        "filename": "page_68.txt",
        "extracted_result": {
            "question": "मनुान ास ान म्हणजे कोण?",
            "question_type": "नावद्द",
            "score": "8",
            "tags": "ाधर्म, मनुान, ानस ाण",
            "options": {
                "A": "ािवमाण",
                "B": " ानवान",
                "C": "ान",
                "D": "निययमत्य"
            },
            "answer": "B"
        }
    },
    {
        "filename": "page_78.txt",
        "extracted_result": {
            "question": "माणसाच्या आयुष्यात ःख कसे नाहीसे करावे?",
            "question_type": "सubjectiv",
            "score": "8",
            "answer": "मानिसक ःख इववेकाने आणि शारीिरक ःख औषधाने नाहीसे करावे. अशा पद्धतीने ःखाचा नाश करणे हेच ानाा सामा चे लण आहे.ःखाचा पिरहार न करता नकरीत्या वागत राहिले पाहिजे.",
            "tag": "ःख, इववेक, औषध , ानाा सामा "
        }
    },
    {
        "filename": "page_132.txt",
        "extracted_result": {
            "question": "मनुासूापरमिसिूाहोते?",
            "question_type": "subjective",
            "score": "8",
            "answer": "होय,आपापलेकतआनंदानेकरीतरािहानेमनुासपरमिसिूाहोते.",
            "tag": "सुखःख,मृु,यश"
        }
    },
    {
        "filename": "page_36.txt",
        "extracted_result": {
            "question": "देेकरणारी गाय काय कामाची?",
            "question_type": "सजव-सINGLE-LINE-ANSWER",
            "score": "8",
            "answer": "देेकरणारी गाय म्हणजे काम न होणारी, निष्फळ जी कामे करू शकते ती कामेआड.",
            "tag": "[देेकरणारी गाय, निष्फळ, कामाआड]"
        }
    },
    {
        "filename": "page_56.txt",
        "extracted_result": {
            "question": "खरोखर पवित्रता आणि सात्विकता याची काहीही अट नाही की, पिता, पुत्र आणि माता आणि पुत्र यांच्यात एकमेकांशी आणि एकमेकांच्या प्रति शारीरिक संबंध जो काही असो त्याची कोई अपेक्षा नाही का ?",
            "question_type": "व्यक्तिपरत्वे (subjective)",
            "score": "8",
            "answer": "नाही ",
            "tag": "पवित्रता आणि सात्विकता, आपले संबंध "
        }
    },
    {
        "filename": "page_107.txt",
        "extracted_result": {
            "question": "राजा हा लोकांचा पालनकर्ता आहे किंवा नाही?",
            "question_type": "वस्तुनिष्ठ",
            "score": 8,
            "options": [
                "होय",
                "नाही",
                "कदाचित",
                "निर्णय नाही"
            ],
            "tag": [
                "राजा",
                "लोक",
                "पालनकर्ता"
            ],
            "correct_answer": "होय"
        }
    },
    {
        "filename": "page_57.txt",
        "extracted_result": {
            "question": "संकटात असतांना मोठ्यांना 'तू' असे एकेरी संबोधणे योग्य आहे का? ",
            "question_type": "वस्तुनिष्ठ",
            "score": 8,
            "options": [
                "होय",
                "नाही",
                "परिस्थितीनुसार",
                "अमुव्यक्त"
            ],
            "correct_answer": "नाही",
            "tags": [
                "आचरण",
                "व्यवहार",
                "संकट"
            ]
        }
    },
    {
        "filename": "page_14.txt",
        "extracted_result": {
            "question": "मनु संपीचा मालक असून इंिियांचा दास होऊन राहतो तो इंिियांवर ताबा नसाम ुळे ऐया पासून कसे वागतो?",
            "question_type": "उद्देश्य",
            "correct_answer": "मनु संपीचा मालक असून इंिियांचा दास होऊन राहतो तो इंिियांवर ताबा नसाम ुळे त्याच्या मनात आले म्हणून तो ऐया पासून वागतो",
            "tag": [
                "मन",
                "इंििया",
                "ताबा",
                "संपी",
                "मालक"
            ],
            "score": "8"
        }
    },
    {
        "filename": "page_49.txt",
        "extracted_result": {
            "question": "सांिगतल ेला इनरोप कळिवणाढया तांचा तसे करया ंत काय बर अपराध आहे?",
            "question_type": "र",
            "score": 8,
            "tag": "कळिवणाढया, ता, करया ंत, अपराध",
            "answer": "कोाल चा."
        }
    },
    {
        "filename": "page_133.txt",
        "extracted_result": {
            "question": "सुभाषितमाहीत  मंळसाठी चांगलं जीवन कसं असतं?",
            "question_type": "subjective",
            "score": "8",
            "answer": "सुभाषितमाहीत  मंळसाठी जीवनात चांगले मार्गदर्शन मिळतं व सही निर्णय घेण्यास मदत होते. जीवनाला अर्थ प्राप्त होण्यास मदत होते",
            "tag": "सुभाषित, जीवन, मार्गदर्शन, निर्णय"
        }
    },
    {
        "filename": "page_118.txt",
        "extracted_result": {
            "question": "शोक अने कायंहोेतो?",
            "question_type": "संक्षिप्त उत्तरीय प्रश्न",
            "score": "8",
            "answer": "शोकँये कायँनाशँ होतो.",
            "tag": "सुभाषित, महाभारत, शोक"
        }
    },
    {
        "filename": "page_3.txt",
        "extracted_result": {
            "question": "लोक अंधकाराने वेढले गेले आहेत हे कसे सांगितले आहे?",
            "question_type": "विश्लेषणात्मक",
            "score": 8,
            "answer": "लोक अंधकाराने गुरफटले गेले आहेत हे 'अंधेनैव निपतन्ति लोकः' असे सांगितले आहे.",
            "tags": [
                "अंधकार",
                "लोक",
                "गुरफटणे"
            ]
        }
    },
    {
        "filename": "page_112.txt",
        "extracted_result": {
            "question": "मद आपल्या अंगी कसे निर्माण होते?",
            "question_type": "वobjectiveव ",
            "score": "8",
            "tag": "मद, अहंकार, ज्ञान",
            "options": {
                "A": "मद आपल्या अंगी धनामुळे निर्माण होते",
                "B": "मद आपल्या अंगी कुलामुळे निर्माण होते",
                "C": "मद आपल्या अंगी तीन गोष्टींमुळे निर्माण होते : धन, कुल आणि विद्या",
                "D": "मद आपल्या अंगी काही गोष्टींमुळे निर्माण होत नाही"
            },
            "correct_answer": "C"
        }
    },
    {
        "filename": "page_65.txt",
        "extracted_result": {
            "question": "शारीरिक मृत्यू होण्यासाठी कोणत्या गोष्टी आवश्यक आहेत?",
            "question_type": "वास्तविक",
            "correct_answer": "नाही",
            "tag": "मृत्यू, जीवन, शरीर",
            "score": "8"
        }
    },
    {
        "filename": "page_71.txt",
        "extracted_result": {
            "question": "राजांना आपल्या मंत्र्यांवर कसे विश्वास ठेवायला हवा?",
            "question_type": "subcategory of Single-line-answer-question / objective",
            "score": "8",
            "answer": "राजांनी त्यांच्या मंत्र्यांवर विश्वास ठेवताना सावधगिरी बाळगावी, त्यांच्या कार्यांची पाहणी करावी आणि त्यांच्या सल्ल्यानुसार निर्णय घ्यावेत",
            "tag": "राजकारण, मंत्री, निर्णय"
        }
    },
    {
        "filename": "page_106.txt",
        "extracted_result": {
            "question": "जो तेजो यथाशि न दशयित इवबमात ्.",
            "question_type": "संज्ञानात्मक प्रश्न",
            "score": 8,
            "answer": "",
            "options": [
                "आशेने जो िऽय यथाशि पराबम कन आपल  तेज ऊकट करीत नाह",
                "शरीराचे तेज वाढविण्याच्या उपायांबद्दल",
                " िऽयाचे तेज वाढविण्याच्या छोट्या सूचना",
                " िऽयाचे तेज वाढविण्याचे उपाय"
            ],
            "correct_answer": " मूल प्रश्न  आशेने जो िऽय यथाशि पराबम कन आपल  तेज ऊकट करीत नाह",
            "tags": [
                "िऽयाचे",
                "तेज ",
                "आशेने",
                "वाढविण्याच्या",
                ""
            ]
        }
    },
    {
        "filename": "page_51.txt",
        "extracted_result": {
            "question": "धनानाम ुमं ुलं ूभवित?",
            "question_type": "objective",
            "score": 8,
            "options": [
                "धम लेन",
                "धमाचीवाढ",
                "धना ुलं ूभवित",
                "धनांमेात"
            ],
            "correct_answer": "धना ुलं ूभवित",
            "tag": "धन,धम,संप,लोक,जग"
        }
    },
    {
        "filename": "page_120.txt",
        "extracted_result": {
            "question": "आचरणात असलेला दोष आणि अध:माला कसे संबोधावे?",
            "question_type": "स&amp;ब्जेक्टिव ",
            "score": 8,
            "answer": "",
            "tag": "आचरणाचा दोष, अध:म, संबोधन, नैतिकता, शहाणपण "
        }
    },
    {
        "filename": "page_117.txt",
        "extracted_result": {
            "question": "शीलेन जेतुं न संशयः",
            "question_type": "सिंगल-लाइन-अन्सवर",
            "score": "8",
            "answer": "होय",
            "tags": "शील, जेतुं, संशयः"
        }
    },
    {
        "filename": "page_89.txt",
        "extracted_result": {
            "question": "आपणांना शोक करीत बसण्याऐवजी आपले दुःख कसे दूर करावे ?",
            "question_type": "सिंगल-लाइन-उत्तर",
            "score": "8",
            "answer": "ते दुःख आपोआपच दूर होईल, त्यासाठी आपण शोक करीत बसणेच कमी करावे.",
            "tag": "शोक, दुःख, सुख, जीवन"
        }
    },
    {
        "filename": "page_31.txt",
        "extracted_result": {
            "question": "राजा,तूं केलेला उपकार विसरतोस ना ?,",
            "question_type": "वस्तुनिष्ठ",
            "score": 8,
            "options": {
                "A": " केलेला उपकार विसरत नाही",
                "B": "केलेला उपकार विसरतो",
                "C": "केलेला उपकार विसरण्याची गरज नाही",
                "D": "केलेला उपकार विसरणे योग्य आहे"
            },
            "tags": "उपकार, विसरणे",
            "correct_answer": "केलेला उपकार विसरत नाही"
        }
    },
    {
        "filename": "page_105.txt",
        "extracted_result": {
            "question": "तेज आणि शक्तीचा नाश होऊ द्यामु का?",
            "correct_answer": "नाही",
            "tag": "तेज, शक्ती",
            "score": "8",
            "question_type": "सINGLE-LINE"
        }
    },
    {
        "filename": "page_125.txt",
        "extracted_result": {
            "question": "सवृत्ती असलेल्या लोकांच्या तुलनेमध्ये दुसऱ्याला मिळणारी संपत्ती अधिक जास्त असते का?",
            "question_type": "वस्तुनिष्ठ",
            "score": "8",
            "tag": "धम, अर्थ, संपत्ती",
            "options": [
                "होय",
                "नाही",
                "कधीकधी",
                "संपत्तीची मात्रा जास्त नसते"
            ],
            "answer": "होय"
        }
    },
    {
        "filename": "page_93.txt",
        "extracted_result": {
            "question": "कां च कां च समेयातां महोदधौ ।",
            "question_type": "ासारखा सव ूाया ंचा एकमेकांशी असणारा सहवास आहे  ह्यावरून हा सं Duty अधारि त असण े बगत े तो व ीषयानुसारतः objective आहे",
            "score": 9,
            "tag": "सुभ ीषता महाभारत",
            "answer_options": [
                "सव ुाया ंचा सहवास",
                "महासागरात लाकडाची ओंडके",
                "सव ूाया ंचा एकमेकांशी सहवास नाही",
                "महासागरात लाकडाची ओंडके नाहीत"
            ],
            "correct_answer": "महासागरात लाकडाची ओंडके"
        }
    },
    {
        "filename": "page_28.txt",
        "extracted_result": {
            "question": "ालाच े ाण वर ज्ॐ लागतात ,सामोर े जाऊन वंदन केान े तणाला ूा होतात ,याच े कारण काय आहे ?",
            "question_type": "subjective",
            "score": "8",
            "answer": "ालाच े ाण वर ज्ॐ लागतात ,सामोर े जाऊन वंदन केान े तणाला ूा होतात कारण ते योगी असतात.",
            "tag": "वंदन, तण, योगी"
        }
    },
    {
        "filename": "page_62.txt",
        "extracted_result": {
            "question": "संकटात सापडलेल्या माणसाचे कोणते गुणधर्म असले पाहिजेत?",
            "question_type": "single-line-answer",
            "score": 8,
            "answer": "संकटात सापडलेल्या माणसाने राग, भय आणि आनंद ही आंतिक भावना दाबून ठेवावी, शारीरिक आणि मानसिकरित्या स्वतःला चांगल्यारित्या राखून ठेवावे.",
            "tag": "संकटातील वर्तन, मानसिक शांती"
        }
    },
    {
        "filename": "page_1.txt",
        "extracted_result": {
            "question": "संस्कृतदस्तऐवज तयार करण्यासाठी कोणती स्क्रिप्ट वापरली गेली आहे?",
            "question_type": "objective",
            "score": "8",
            "options": [
                "देवनागरी",
                "संस्क्रिप्ट",
                "अर्यावृत्त",
                "इंग्रजी"
            ],
            "correct_answer": "देवनागरी",
            "tags": "संस्कृत, दस्तऐवज, महाभारत, संग्रह"
        }
    },
    {
        "filename": "page_45.txt",
        "extracted_result": {
            "question": "तपासाच्या कोणत्या भोगांनी यश मिळते?",
            "question_type": "अभ्यासप्रश्न",
            "score": "8",
            "options": [
                "आयु, वैभव आणि सुख",
                "धन, यश आणि कीर्ती",
                "आयशीय शांती आणि तृप्ती",
                "सर्व"
            ],
            "correct_answer": "आयु, वैभव आणि सुख",
            "tag": "तप, यश, आयु, वैभव, सुख"
        }
    },
    {
        "filename": "page_123.txt",
        "extracted_result": {
            "question": "सुखःख,यशापयश इािद ंांिवषय सारखी बुि ठेवणे माणसाच्या योग्यतेनुसार असते का? ",
            "question_type": "सप्रश्न",
            "score": 8,
            "tag": "योग्यता, मनुष्य, बुद्धी",
            "options": [
                "होय",
                "नाही",
                "अनिर्णित",
                "परिस्थितीनुसार"
            ],
            "answer": "होय"
        }
    },
    {
        "filename": "page_54.txt",
        "extracted_result": {
            "question": "धमाया ुभािषता महाभारतात ूाण्या तंहांात राहतात ?",
            "question_type": "objective",
            "score": "8",
            "options": [
                "धमाया ुभािषता महाभारतात ूाण्या तंहांात राहतात",
                "महाभारतात ूाण्या तंहांात राहतात धमाची बुि",
                "महाभारतात ूाण्या तंहांात राहतात धमाचे पालन",
                "महाभारतात ूाण्या तंहांात राहतात धमाचरणा ंत"
            ],
            "correct_answer": "महाभारतात ूाण्या तंहांात राहतात धमाची बुि"
        }
    },
    {
        "filename": "page_63.txt",
        "extracted_result": {
            "question": "ज्याच्या जीवनाचा आधार विद्येमध्ये आहे, त्याचे जीवन कसे चांगले होईल?",
            "question_type": "सहलजगुन",
            "score": 8,
            "answer": "ज्याला शहाणपणाचे ज्ञान आहे त्याचे जीवन चांगले होईल.",
            "tag": "विद्या, आधार, जीवन"
        }
    },
    {
        "filename": "page_99.txt",
        "extracted_result": {
            "question": "सहजीवनात यशस्वी होण्यासाठी काय आवश्यक आहे?",
            "correct_answer": "परस्परांचे प्रेम आणि आदर",
            "question_type": "विश्लेषणात्मक",
            "score": "८",
            "options": [
                "परस्परांचे प्रेम आणि आदर",
                "लक्ष्य लावून काम करणे",
                "धन आणि शक्ती",
                "ज्ञान आणि ज्ञान"
            ]
        }
    },
    {
        "filename": "page_76.txt",
        "extracted_result": {
            "question": "वडील आईच्या समोर फार मोठ्या मनाने धरावे कि नाही?",
            "question_type": "साधाकुट",
            "score": "8",
            "answer": "नाही",
            "tag": "संसार धर्म"
        }
    },
    {
        "filename": "page_50.txt",
        "extracted_result": {
            "question": "धनही असावं आणि दानही करावं.",
            "question_type": "सिंगल-लाइन-अन्सवर",
            "score": 8,
            "answer": "होय",
            "tag": "धन, दान, कर्तृत्व"
        }
    },
    {
        "filename": "page_83.txt",
        "extracted_result": {
            "question": "माणसाचे जीवनध्येय कोणते असायला हवे?",
            "question_type": "सINGLE-LINE-ANSWER",
            "score": 8,
            "answer": "माणसाचे जीवनध्येय शुभाचारanskृत:रितीने जीवन व्यतीत करणे, धम पाळणे असायला हवे",
            "tag": "मनूंचे जीवनध्येय,शुभाचारanskृत:रीत, धम"
        }
    },
    {
        "filename": "page_131.txt",
        "extracted_result": {
            "question": "सेनापतीला यशाची उपपत्ती कशी मिळते?",
            "question_type": "संक्षिप्त उत्तर",
            "score": 8,
            "answer": "सेनापतीला यशाची उपपत्ती मिळते कारण तो योध्दा नसतो, फक्त गुणांनी यश मिळवतो.",
            "tag": "सेनापती, यश, गुण"
        }
    },
    {
        "filename": "page_22.txt",
        "extracted_result": {
            "question": "युिधिर याला  धम कोणता आहे?",
            "question_type": "संज्ञापन",
            "score": "9",
            "options": [
                "परो विनल  धम",
                "परो धमः परमाथा ",
                "आनृशंं परो धमः",
                "आनृशंं परमाथा "
            ],
            "correct_answer": "परो धमः परमाथा ",
            "tag": "युिधि, धम, परो, आनृशंं"
        }
    },
    {
        "filename": "page_30.txt",
        "extracted_result": {
            "question": "कोणावर इवास ठेिवाने धम व अथ यांचा नाश होतो.?",
            "question_type": "वस्तविक प्रश्न",
            "score": "8",
            "options": [
                "पुण्यकर्मवर",
                "पापकर्मवर",
                "अन्यायकारकवर",
                "पुण्य व पाप दोन्हीवर"
            ],
            "correct_answer": "पापकर्मवर",
            "tags": "ईवास, धम, नाश"
        }
    },
    {
        "filename": "page_17.txt",
        "extracted_result": {
            "question": "आणि न समादत  ण  आड  सरख  आषााद हाकीितणे चांनी  मााचीं वदसप माझीला का बरे आवडतात?",
            "question_type": "उद्देशिक",
            "score": "8",
            "options": [
                "सरख  आणि अधाद एकांत  आणि  हिदनीितणे  आढळत  आणि  ती  अधिक  सुंिदर आहेत",
                "निसग  आणि निरित असंित  आणि तेच ती आवडतात",
                "हाक  वदन माझ्या घराजवळ आहेत म्हणून आवडतात",
                "निसग  आणि निरित असंित  आणि शांित सутьक  जितके  तेच ती आवडतात"
            ],
            "correct_answer": "निसग  आणि निरित असंित  आणि शांित सутьक  जितके  तेच ती आवडतात",
            "tags": [
                "निसगी",
                "निरित",
                "आणि न समादत  ",
                "आैशवय",
                "पौष्टय",
                "फसल"
            ]
        }
    },
    {
        "filename": "page_124.txt",
        "extracted_result": {
            "question": "एकानसढयाकडचअभणकराव.",
            "question_type": "सालाइन",
            "correct_answer": "आपोािनडालाचव.",
            "tag": "अभण,डाला,भोजन",
            "score": "8"
        }
    },
    {
        "filename": "page_13.txt",
        "extracted_result": {
            "question": "राजा नसलेा राांम  एधम  रहात नाही.",
            "question_type": "वस्तुनिष्ठ",
            "score": 8,
            "options": [
                "लोक एकमेकांना फाडून खातात",
                "राजकीय कारभार चालतो",
                "राजा नसताना लोक निरोगी राहतात",
                "लोक आपापसात वादविवाद करीत राहतात"
            ],
            "correct_answer": "लोक एकमेकांना फाडून खातात",
            "tag": [
                "राजकीय कारभार",
                "राजा"
            ]
        }
    },
    {
        "filename": "page_40.txt",
        "extracted_result": {
            "question": "ज्याची सर्वकाही शोभते, त्याला कशाचीही निंदा करू नये का, किंवा शोभणार्‍या गोष्टींच्या बाबतीत निंदाच करू नये?",
            "question_type": "सहन्तुत्मक ",
            "score": "9",
            "answer": "नाही, ज्याची सर्वकाही शोभते असे कुणीही नसते, किंवा जे कुणालाही शोभेल असे काही नसते",
            "tag": "निंदा, शोभणे, सर्वकाही"
        }
    },
    {
        "filename": "page_23.txt",
        "extracted_result": {
            "question": "ज्याच्याकडे धन नाही अशी व्यक्ती जगातून आयुष्यात कुठेही यशस्वी होऊ शकत नाही.",
            "question_type": "ऑब्जेक्टिव",
            "score": 8,
            "options": [
                "अशी व्यक्ती काहीही काम करू शकते.",
                "अशी व्यक्ती कुठल्याच कामाची guarantee नाही.",
                "अशी व्यक्ती फक्त दुसर्‍यांवर अवलंबून राहते.",
                "अशी व्यक्ती यशस्वी होऊ शकत नाही."
            ],
            "correct_answer": "अशी व्यक्ती यशस्वी होऊ शकत नाही.",
            "tag": "धन, आयुष्य, यश"
        }
    },
    {
        "filename": "page_69.txt",
        "extracted_result": {
            "question": "कायषु",
            "question_type": "subjective",
            "score": 8,
            "answer": "ज्ञान",
            "tag": [
                "ज्ञान",
                "कर्ता",
                "काम"
            ]
        }
    },
    {
        "filename": "page_127.txt",
        "extracted_result": {
            "question": "मनुस  ंना  तःला  अधिक  शहाणा  का  समजतो ?",
            "question_type": "single-line-answer",
            "score": 8,
            "answer": "मनुस  ंना  तःला  अधिक  शहाणा  समजतो कारण  तो  वेदांचे  ज्ञान  आणि  त्यांचा  अर्थ  मनष्याला  सांगतो",
            "tag": "मनुस, वेद, अधिक शहाणा "
        }
    },
    {
        "filename": "page_19.txt",
        "extracted_result": {
            "question": "जो राजा (आपल्या राज्यातल्या लोकांपासून वेगळा राहून) त्यांच्या ज्ञानाचा एकतेचा सेतु बनून, लोकांपासून स्वीकारून घेऊन ते स्वीकारलेले ज्ञान लोकांना देतो, तोच आपल्या आत्म्याचा भोक्ता असल्याचा अनुभव घेऊन आत्मज्ञानी होतो.",
            "question_type": "subjective",
            "score": 8,
            "answer": "जो राजा (आपल्या राज्यातल्या लोकांपासून वेगळा राहून) त्यांच्या ज्ञानाचा एकतेचा सेतु बनून, लोकांपासून स्वीकारून घेऊन ते स्वीकारलेले ज्ञान लोकांना देतो, तोच आपल्या आत्म्याचा भोक्ता असल्याचा अनुभव घेऊन आत्मज्ञानी होतो.",
            "tag": "राजा आणि त्याचा लोकांशी संबंध"
        }
    },
    {
        "filename": "page_111.txt",
        "extracted_result": {
            "question": "राजाला विजय मिळण्याचे मूळ कारण कोणते?",
            "question_type": "objective",
            "score": 8,
            "options": [
                "गुणशील पूर्वजांचे आशीर्वाद",
                "गुणसंपन्न सल्लागार",
                "गुणसंपन्न सेनापती",
                "गुणसंपन्न राजकारण"
            ],
            "correct_answer": "गुणसंपन्न सल्लागार"
        }
    },
    {
        "filename": "page_79.txt",
        "extracted_result": {
            "question": "धृतराष्ट्राला म्हणतो की जे राजे केवळ कामे पार पाडण्या जीविषयात असतात, हे राजे भानगडीत पडत नाहीत अशी मी शहाणपणाची समजुत ठेवतो. कारण असे राजे स्वतःचे आणि मुलांचे कलह दाखवतात.",
            "question_type": "वैयक्तिक",
            "score": "8",
            "tags": "राजे, धृतराष्ट्र, कलह",
            "answer": "धृतराष्ट्राची आणि मुलांची प्रतिष्ठा राखण्याची इच्छा हे कारण आहे."
        }
    },
    {
        "filename": "page_18.txt",
        "extracted_result": {
            "question": "असंतोष हे कशाचे मूळ आहे?",
            "question_type": "साधे उत्तर",
            "score": "8",
            "answer": "असंतोष हे उषा चे मूळ आहे.",
            "tag": "असंतोष, उषा"
        }
    },
    {
        "filename": "page_113.txt",
        "extracted_result": {
            "question": "सामािदक उपाय व ांचे भेद यांचे ान नसणारा जो राजा, अायाने ऊजेकडून कर वसूल करतो, पण आपले  ऊजापालनप कत माऽ करत नाही तो िऽय केवळ नपुंसक होय हे खरे आहेका?",
            "question_type": "ओब्जेक्टिव",
            "score": "8",
            "options": [
                "होय",
                "नाही",
                "कदाचित",
                "अचूक माहिती नाही"
            ],
            "correct_answer": "होय",
            "tag": "राजकारण, नेतृत्व, करप्रणाली"
        }
    },
    {
        "filename": "page_130.txt",
        "extracted_result": {
            "question": "ास मनुिह सुिवचार करावा की काय?",
            "question_type": "धैव",
            "score": 8,
            "answer": "ास मनुिह सहज संतु होत असून, संदेष ेते की सहज संतोष मनाची शांती निर्माण करण्यास मदतील असते.",
            "tag": "संतोष, मनःशांती"
        }
    },
    {
        "filename": "page_12.txt",
        "extracted_result": {
            "question": "शरीराची परीक्षा करणारे कोणते आहेत?",
            "question_type": "सिंगल-लाइन-अन्स्वेर",
            "score": "8",
            "answer": "शरीराची परीक्षा करणारे दोन आहेत :  कायाा आणि महाा.",
            "tag": "शरीराची परीक्षा, काया, महा, आहार, स्वास्थ्य"
        }
    },
    {
        "filename": "page_122.txt",
        "extracted_result": {
            "question": "परोपकाराची जात कुठली आहे? ",
            "question_type": "subjective",
            "score": 8,
            "answer": "परोपकाराची जात कोणतीही नाही.",
            "tag": "परोपकार, जात"
        }
    },
    {
        "filename": "page_74.txt",
        "extracted_result": {
            "question": "पिता हा खऱ्या अर्थाने देवासमान का आहे?",
            "question_type": "सवालाचा प्रकार आहे objective",
            "score": 8,
            "options": [
                "पिता हा सर्व गोष्टींचा स्रोत आहे",
                "पिता हा कुटुंबाचा आधार आहे",
                "पिता हा देवासमान आहे कारण तो गोसावी आहे",
                "पिता हा खऱ्या अर्थाने देवासमान आहे कारण तो आपल्या मुलांचा जीवापारी आहे"
            ],
            "correct_answer": "पिता हा खऱ्या अर्थाने देवासमान आहे कारण तो आपल्या मुलांचा जीवापारी आहे",
            "tag": "महर्षी मनू,हिंदू धर्म, पिता महिमा,"
        }
    },
    {
        "filename": "page_77.txt",
        "extracted_result": {
            "गुणवत्ता": "8",
            "टॅग्स": "मुलगा, बाप, पाळतांना",
            "question": "कुवेषण पाळतांना मुलगा बापाचे रण करतो का ?",
            "question_type": "एक-वाक्यांचा_उत्तर",
            "correct_answer": "पुत नामक नरकापासून मुलगा बापाचे रण करतो."
        }
    },
    {
        "filename": "page_26.txt",
        "extracted_result": {
            "question": "राजाच्या शौर्याने त्याच्या राज्याचा कसा फायदा होऊ शकतो?",
            "question_type": "subjective",
            "score": "8",
            "answer": "राजाच्या शौर्याने त्याच्या राज्याची सुरक्षा होऊ शकते, न्याय व्यवस्था सुधारू शकते आणि त्याच्या प्रजेच्या शांती आणि समृद्धीची काळजी घेऊ शकते",
            "tag": "राजा, शौर्य, राज्य, सुरक्षा, न्याय"
        }
    },
    {
        "filename": "page_29.txt",
        "extracted_result": {
            "question": "मनुाच किती शृंगे आहेत?",
            "question_type": "वस्तुनिष्ठ",
            "score": "8",
            "answer": "एकः शऽुन  ितीयोऽि शऽुः अानत  उः पुष राजन ् ।",
            "correct_answer": "एक",
            "tag": "मनुा, शृंग",
            "options": [
                "एक",
                "दोन",
                "तीन"
            ]
        }
    },
    {
        "filename": "page_90.txt",
        "extracted_result": {
            "question": "कोणी सौजन्याने बोलला तरी लोक त्याला सौजन्यशील असा समजतात, पण सौजन्य असणे म्हणजे मूखपणाच असे नाही.",
            "question_type": "सINGLE-LINE-QUESTION",
            "score": "8",
            "answer": "नाही",
            "tag": "सौजन्य, मूखपणा, समज"
        }
    },
    {
        "filename": "page_129.txt",
        "extracted_result": {
            "question": "सुखानर ाधःख ाखारी सुख ाधःख काय उमं आहे?",
            "question_type": "वैयक्तिक",
            "score": 8,
            "answer": "भारतीय साहित्यिक परंपरेत, सुख आणि दुख हे दोळा सारखे आहेत. सुखानंतर दुख येते आणि दुखानंतर सुख येते.",
            "tag": "सुख, दुख, जीवन"
        }
    },
    {
        "filename": "page_114.txt",
        "extracted_result": {
            "question": "शीलाचे योग्य पुढे काय, काय मिळते, आणिजाते जो केवळ श्रीमंत झाला तो खरोखर श्रीमंत नाही?",
            "question_type": "सहज उत्तरशीर्षक",
            "score": 8,
            "answer": "त्याचे शील खराब झाले तर त्याचा सर्वस्वी नाश होऊन जातो.",
            "tags": "शील, श्रीमंती, नाश"
        }
    },
    {
        "filename": "page_94.txt",
        "extracted_result": {
            "question": "ज्या रीतीने राजे लोकांचे मन राखून न्याय करतात, त्या रीतीने काळजी घेतल्यास मनुष्याचे जीवन समृद्ध होते.",
            "question_type": "वस्तुनिष्ठ ",
            "tag": "राजे, न्याय, मनुष्य, जीवन",
            "score": 8,
            "answer": [
                "राजे लोकाचे मन राखून न्याय करतात",
                "राजे घेतकडचे ऐकून न्याय करतात",
                "राजे आपल्याच मन मानून न्याय करतात",
                "राजे कोणाला न्याय द्यावा हे सांगतात "
            ],
            "correct_answer": "राजे लोकाचे मन राखून न्याय करतात "
        }
    },
    {
        "filename": "page_92.txt",
        "extracted_result": {
            "question": "शहाया पुषान े काहीएक न बोलण े चांगल े का?",
            "question_type": "ुिधत (subjective)",
            "score": 8,
            "answer": "बिहढया लोकाम े बसून गायन करणे गवयास योय नाही .",
            "tag": " ुिधत,शहाई"
        }
    },
    {
        "filename": "page_24.txt",
        "extracted_result": {
            "question": "खरोखर इथला मोठेपणाला सिमाच नाही!",
            "question_type": "single-line-answer",
            "score": 8,
            "answer": "होय, खरोखर इथला मोठेपणाला सिमाच नाही!",
            "tag": "मोठेपणा, वृक्षासारखा आकार, असीम"
        }
    },
    {
        "filename": "page_20.txt",
        "extracted_result": {
            "question": "सवचन ं कृतम् आणि यःादिह ंसासंयुःस धम इित इनयः, हे कसे सांगितले आहे ?",
            "question_type": "सिंगल-लाइन-अन्स्वेर (Single-line-answer)",
            "score": 8,
            "answer": "अिहंसा हा परमो धनः होय. (म्हणजे) पीडा होऊ नये एवासाठीच धम सांगितला आहे. जो अिहस ेन यु असेल तोच धम ,हा सान्त आहे.",
            "tag": "अिहंसा, धम"
        }
    },
    {
        "filename": "page_95.txt",
        "extracted_result": {
            "question": "शरीराला थकवा येणार नाही आणि त्यामुळे मृत्यू येणार नाही असे मर्यादेने वागणेच चांगले आहे का ?",
            "question_type": "वस्तुनिष्ठ प्रश्न ",
            "score": "8",
            "options": [
                "होय",
                "नाही",
                "ते मर्यादे वर अवलंबून आहे",
                "ते परिस्थितीवन अवलंबून आहे"
            ],
            "correct_answer": "होय",
            "tags": [
                "शरीर",
                "मृत्यू",
                "मर्यादा"
            ]
        }
    },
    {
        "filename": "page_67.txt",
        "extracted_result": {
            "question": "संसारातल्या कर्माचे फळ कसे मिळते?",
            "question_type": "वस्तुनिष्ठ",
            "score": "8",
            "answer": [
                "कर्माचे त्वरित फळ मिळते",
                "कर्माचे हळूहळू फळ मिळते",
                "कर्माचे कधीच फळ मिळत नाही",
                "कर्माचे फळ मिळत नाही"
            ],
            "correct_answer": "कर्माचे हळूहळू फळ मिळते",
            "tag": [
                "कर्म",
                "फळ",
                "संसार",
                "जीवन"
            ]
        }
    },
    {
        "filename": "page_34.txt",
        "extracted_result": {
            "question": "काळाचे महत्त्व कोणते आहे?",
            "question_type": "विषयानुसार",
            "correct_answer": "काळ हा सर्व गोष्टींवर अवलंबून असतो, त्याचे महत्त्व अनमोल आहे.",
            "tag": "काळ, महत्त्व, जीवन",
            "score": "8"
        }
    },
    {
        "filename": "page_15.txt",
        "extracted_result": {
            "question": "माणसाने स्वत:च्या गरजेनुसार ज्ञान ग्रहण करावे.",
            "question_type": "सुभाषित/उद्धरण",
            "score": 8,
            "tags": "ज्ञान, शिक्षण, गरज",
            "answer": "होय"
        }
    },
    {
        "filename": "page_37.txt",
        "extracted_result": {
            "question": "कायात ीसि पावल ेलावर मनुयाची सवऽ मानसान व साय कस ेलाभते ?",
            "question_type": "subjective",
            "score": 8,
            "answer": "कायात ीसि पावल ेावर मनुयाची सवऽ मानसान व साय लाभते. यशी न झालेला ,जखम ेवर खारे पाणी शंपडाव े ाूमाण ेइतराराला पाऽ होतो.",
            "tags": "कायात ीस ,मानसान ,साय ,सवऽ ,कृती"
        }
    },
    {
        "filename": "page_96.txt",
        "extracted_result": {
            "question": "असा माणूस ज्याचे डोके आकाशात आहे त्याचे पाय पृथ्वीवर आहेत आणि झाडाला फळ लागली आहेत, तो कसा असतो?",
            "question_type": "वस्तुनिष्ठ",
            "score": "8",
            "options": [
                "तो माणूस धर्माचे ज्ञान देणारा",
                "ते एक प्रकारचे वृक्ष",
                "हा एक प्रकारचा पर्याय",
                "हे काहीही नाही"
            ],
            "correct_answer": "तो माणूस धर्माचे ज्ञान देणारा",
            "tag": [
                "#अभिप्राय",
                "#वैशिष्ट्य",
                "#स्पष्टीकरण"
            ]
        }
    },
    {
        "filename": "page_103.txt",
        "extracted_result": {
            "question": "जगांतात जे लोक मूढ असतात किंवा जे विद्येच्या पैलतीराला पोचलेले असतात ते लोक कश्या प्रकारच्या मानासाठी ओळखले जातात?",
            "question_type": "ओऽव",
            "score": 8,
            "answer": "मूढ किंवा विद्येच्या पैलतीराला पोचलेले लोक मूढतम आणि बुया म्हणून ओळखले जातात. ते सुखाने नांदत असतात आणि लोकांना त्यांच्यापाठोपाठ यायला भाग पाडतात, मूढ लोक आणि विद्येच्या पैलतीराला पोचलेले लोक यांना शारीरिक आणि मानसिक दृष्ट्या कमकुवत म्हणून संबोधले जाते.",
            "tag": "मूढता, बुया, सुखाने जीवन, प्रसन्न लोक"
        }
    },
    {
        "filename": "page_47.txt",
        "extracted_result": {
            "question": "मामाकिरता ं एका कुळाची पवा क नये का ?",
            "question_type": "सिबजेविय",
            "score": "8",
            "answer": "नाही, कुळात एका मनुाचा ीग हा सगळ्यांचा समृण आहे. ",
            "tag": "कुलं, मामा, समृण भोजन, कुळाची पवा, एका मनुाचा ीग"
        }
    },
    {
        "filename": "page_44.txt",
        "extracted_result": {
            "question": "जगात जे आवडते ते चांगले आणि शोभते असे का उलगडले आहे?",
            "correct_answer": "कारण चांगली वस्तु सामान्यतः आवडते आणि शोभते असतात. परंतु ही एक सापेक्ष गोष्ट आहे, कारण प्रत्येकाचे चांगले आणि शोभण्याविषयी समजणे वेगवेगळे असते.",
            "score": 7,
            "tag": "आवडते, शोभते, चांगले",
            "question_type": "वichāradhारā"
        }
    },
    {
        "filename": "page_59.txt",
        "extracted_result": {
            "question": "आपलेसरेडोकेकोणीकापीलइंकंवाइतसराहाततोडीलअसीकेांिहभीितनसते?",
            "question_type": "subjective",
            "score": 8,
            "answer": "नाही",
            "tag": "आत्मसनьयम, मानवी स्वभाव"
        }
    },
    {
        "filename": "page_88.txt",
        "extracted_result": {
            "question": "आईबाप हे साऱ्या दुनियेकडून आग्रह असतो, परंतु मुलांचे हे दुर्दैव आहे की त्याचे खरोखर कोणीही नसणे.",
            "question_type": "व्यक्तिनिष्ठ",
            "correct_answer": "आईबाप हे साऱ्या दुनियेकडून आग्रह असतो, परंतु मुलांचे हे दुर्दैव आहे की त्याचे खरोखर कोणीही नसणे.",
            "tag": "आईबाप, संसार, अनुभव",
            "score": 8
        }
    },
    {
        "filename": "page_6.txt",
        "extracted_result": {
            "question": "अनिन ेने  क्या माझे  icing  कोरावे ?",
            "question_type": "नियक",
            "score": "८",
            "options": [
                "होय",
                "नाही",
                "उपयु  खात्रीएवढीमाझीभिकरणाढया  लोकांचायोग  एमी  चालवीत  असतो.",
                "उपयु  खात्रीएवढीमाझीभिकरणाढया  लोकांसाठी  माझी  भक्ती  करणे  गरजेचे  आहे "
            ],
            "answer": "उपयु  खात्रीएवढीमाझीभिकरणाढया  लोकांचायोग  एमी  चालवीत  असतो.",
            "tag": "नियक  प्र&#39;णांची  माझी  भक्ती "
        }
    },
    {
        "filename": "page_61.txt",
        "extracted_result": {
            "question": "माणसाने सुख शोधण्यासाठी कोणत्या गोष्टी कराव्यात? ",
            "question_type": "सINGLE-LINE-ANSWER",
            "score": "8",
            "answer": "माणसाने सुख शोधण्यासाठी मान आणि मौन राखावे, स्वाधीन झालेल्या व 聾त व तेजस्वी मनानं जगावे",
            "tag": "सुख, मान, मौन, तेजस्वी मन"
        }
    },
    {
        "filename": "page_46.txt",
        "extracted_result": {
            "question": "अजुना काय कोणत  आहे आणि अकाय  कोणत े आहे?",
            "question_type": "सingle-line-answer",
            "correct_answer": "अजुना म्हणजे नावाची वस्तू आणि अकाय म्हणजे निराकार",
            "tag": "तृणािन भूिमदकांची गोष्ट",
            "score": "7"
        }
    },
    {
        "filename": "page_7.txt",
        "extracted_result": {
            "question": "दानाला कोणता मान द्यायला हवा ?",
            "question_type": "संज्ञात्मक ",
            "score": "8",
            "tag": "सुभाषित, महाभारत, दान",
            "answer": "दान हा एक मोठा कठीण धर्म आहे, त्याला मान देणे हे उत्तम आहे."
        }
    },
    {
        "filename": "page_66.txt",
        "extracted_result": {
            "question": "असा मनुांना बुधः शाखा ंचून भावी अनथा चा असा ूितकार किरता म्हणू पहाता येणे श नाही. तो  इथ मक🤙ड़ा दिसला असेही म्हणता येणार नाही.",
            "question_type": "सौव्यक्त",
            "score": "7",
            "tag": "बुधः, अनथ:, मनु:, शाखा:",
            "answer": "असा मनुांना बुधः शाखा ंचून भावी अनथा चा असा ूितकार किरता म्हणू पहाता येणे श नाही."
        }
    },
    {
        "filename": "page_98.txt",
        "extracted_result": {
            "question": "राजांना सतत नियंत्रणात ठेवणारी कोणती वस्तू असते?",
            "question_type": "objective",
            "score": 8,
            "options": [
                "राजा",
                "प्रजा",
                "शौर्य",
                "शस्त्र"
            ],
            "correct_answer": "प्रजा",
            "tags": "राजा, नियंत्रण, प्रजा"
        }
    },
    {
        "filename": "page_126.txt",
        "extracted_result": {
            "question": "लाभाचे स्वरूप कसे आहे?",
            "question_type": "सवा-वा",
            "score": "8",
            "answer": "लाभाामुळाशी अहंकारव ुि असत े.",
            "tag": "लाभ, अहंकार, स्वरूप"
        }
    },
    {
        "filename": "page_2.txt",
        "extracted_result": {
            "question": "कायासाठी लोकूिस योय उपाय न करता केवळ दैिवक उपाया ंचाच अवल ंब किरतो आिण पौषहीन पतीशी गांठ पडलेा ीूमाण े वृथा ेश माऽ होतात?",
            "question_type": "single-line-answer",
            "score": 8,
            "answer": "जो केवळ दैिवक उपाया ंचाच अवल ंब करतो तो पौषहीन पतीशी गांठ पडलेा ीूंमाण े वृथा ेश माऽ होतात",
            "tag": "दैवक उपाय, पौष, पतीशी, गांठ पडणे"
        }
    },
    {
        "filename": "page_42.txt",
        "extracted_result": {
            "question": "णज े सोधणाढया उोग न करणाढया दिरिी मनुावर संकटे नेहमी कोसळत असतात.",
            "question_type": "",
            "score": "8",
            "answer": "नाही",
            "tag": "संकटे, मन, उोग"
        }
    },
    {
        "filename": "page_5.txt",
        "extracted_result": {
            "question": "धन हे कोणाच्या हाती असले तरी ते त्याचे असतेच का?",
            "question_type": "विचारपूर्वक",
            "score": 8,
            "answer": "नाही, धन हे ज्याचे त्याचे नसते.",
            "tag": "धन, अधिकार, समाज"
        }
    },
    {
        "filename": "page_38.txt",
        "extracted_result": {
            "question": "कोणाचा मरणिदवस आज आहे हे कोण जाणू शकेल?",
            "question_type": "वस्तुनिष्ठ",
            "correct_answer": "मनुष्याचे वर्तुलक",
            "score": 8,
            "options": [
                "मनुष्याचे वर्तुलक",
                "भगवंत",
                "मनुष्य",
                "मृत्यू"
            ],
            "tag": "मृत्यू, काल, ज्ञान"
        }
    },
    {
        "filename": "page_84.txt",
        "extracted_result": {
            "question": "शूरमूर्खांना वागणूक कशी असते? ",
            "question_type": "वस्तुनिष्ठ",
            "tag": "शूर, मूर्ख, वागणूक, सही_उतार",
            "score": "8",
            "options": [
                "भीती दाखवून शक्तीने वश करावे",
                "हात जोडून रिझवावे",
                "शराला हात जोडून रिझवावे",
                "जबरदस्तीने वश करावे"
            ],
            "correct_answer": "िभऽा असेल त्याला भीती दाखवून फितूर करावा; शराला हात जोडून, लोभी असेल त्याला मान देऊन, आणि बरोबरीचा किंवा कमkurण असेल त्याला जबरदस्तीने वश करावा"
        }
    },
    {
        "filename": "page_109.txt",
        "extracted_result": {
            "question": "लोभ टाळीन मनुष्य सुखी होतो का ?",
            "question_type": "संप्रत्ययी",
            "score": "8",
            "answer": "होय",
            "tag": "लोभ टाळणे, सुखी जीवन"
        }
    },
    {
        "filename": "page_25.txt",
        "extracted_result": {
            "question": "इंिियांचे नादी लागल्याने कोणते परिणाम भेटतात?",
            "question_type": "संज्ञेय",
            "score": 8,
            "answer": "इंिियांचे नादी लागल्याने पापाचरण घडते.",
            "tag": "इंििये, नादी, पापाचरण"
        }
    },
    {
        "filename": "page_27.txt",
        "extracted_result": {
            "question": "कामासकळ ूवााः पािहजे?",
            "question_type": "थक",
            "score": "8",
            "options": [
                "ीवातपिं",
                "िंदमेंधंम यं",
                "माीव",
                "ीवासकळ ूाएं"
            ],
            "correct_answer": "माीव",
            "tag": "ुीकक , थकीलोक"
        }
    },
    {
        "filename": "page_60.txt",
        "extracted_result": {
            "question": "कामाची प्राप्ती करण्यासाठी काय करावे?",
            "question_type": "सब्जेक्टिव्ह",
            "score": 8,
            "answer": "कामाची प्राप्ती करण्यासाठी माणसाने स्वतःला कामाकडे लक्ष देणे आवश्यक आहे. स्वतःच्या कामात व्यस्त राहणे आणि इतरांना मदत करणे हे महत्त्वाचे आहे. तसेच, स्वतःच्या कामात प्रगती करण्यासाठी नेहमी नवीन गोष्टी शिकणे आणि स्वतःला सुधारण्याचा प्रयत्न करणे आवश्यक आहे.",
            "tag": "काम, प्रगती, स्वतःसुधारणा, लक्ष"
        }
    },
    {
        "filename": "page_35.txt",
        "extracted_result": {
            "question": "मनुष्याने काळाचे नियंत्रण कसे करावे?",
            "question_type": "सINGLE-LINE-ANSWER",
            "score": 8,
            "answer": "काळाला चुकविता येत नाही, तसेच काळाचा नियंत्रण करणारा माणус स्वतः काळाचे गरजेचा नसतो.",
            "tag": "काळ, नियंत्रण, स्वाधीन"
        }
    },
    {
        "filename": "page_41.txt",
        "extracted_result": {
            "question": "सुांचाच शाा  गु ,आिण ांना शासन करणारा राजा  होय .परंतु  चोन पापें करणाढयां ना  शासन करणारा कोण  होय ?",
            "question_type": "वस्तुनिष्ठ",
            "tag": [
                "शासन",
                "राजा",
                "सुदूर क्षेत्र"
            ],
            "options": [
                "राजा",
                "पुजारी",
                "विवंता",
                "िवडंड"
            ],
            "correct_answer": "राजा",
            "score": 8
        }
    },
    {
        "filename": "page_80.txt",
        "extracted_result": {
            "question": "नल गण लोकाचे बरे वाईट बोलणे ऐकून त्यातले चांगले बोलणे कसे शहाणपणाने घेतो?",
            "question_type": "सिंगल-लाइन प्रश्न",
            "score": "8",
            "answer": "पाणी टाकून देऊन हंसा सारखे",
            "tag": "मन शहाणपने चालवा"
        }
    },
    {
        "filename": "page_9.txt",
        "extracted_result": {
            "question": "राजासाया वृिनहाि किचत  ? ",
            "question_type": ".subjective",
            "score": 8,
            "answer": "हे राजा, सढयाला मुळीच पीडा न देता जगांत कोणाचीही जीिवतयाऽा चा शकत नाही. मग तो अरयात जल ेला व एकटाच राहणारा एकादा मुिन का असेना ?",
            "tag": [
                "धमराज",
                "सढ",
                "जीिवतयाऽा"
            ]
        }
    },
    {
        "filename": "page_43.txt",
        "extracted_result": {
            "question": "शूर माणसाचे कोणते गुण आहेत?",
            "question_type": "विषयनिष्ठ",
            "correct_answer": "शूर माणसाचा परिचय हा असा आहे की तो आपल्या जलानाचे अपकार करणार्‍यांना देखील माफ करतो, क्षमा करतो, परोपकार करतो, गुण गुणतो, परोपकाराचे महत्व सांगतो, अहिंसा करतो, त्याला अन्न दिले नाही तरी दुसर्‍याचे अन्न खात नाही, तो दानशूर असतो, तो लहान माणसा मदतीला धावून येतो, तो आपले मन मर्यादेत ठेवूनच सर्व कार्यकरीत. करतो.",
            "tag": "शूर, गुण, माणूस",
            "score": "8"
        }
    },
    {
        "filename": "page_128.txt",
        "extracted_result": {
            "question": "सुखासुखे कधीही शाश्वत नसतात, शोचयोग्य आहेत का ?",
            "question_type": "वस्तुनिष्ठ",
            "tag": [
                "सुख",
                "आनंद",
                "दुःख",
                "वemezणे"
            ],
            "score": "8",
            "correct_answer": "नाही",
            "options": [
                "होय",
                "नाही",
                "कदाचित होय",
                "कदाचित नाही"
            ]
        }
    },
    {
        "filename": "page_39.txt",
        "extracted_result": {
            "question": "वसायाची इचिका कन काय फायदा?",
            "question_type": "subjective",
            "score": 8,
            "answer": "वसायाची इचिका एक िऽया साठी कोणताही फायदा असत नाही.",
            "tag": [
                "वसाय",
                "िऽय",
                "फायदा"
            ]
        }
    },
    {
        "filename": "page_100.txt",
        "extracted_result": {
            "question": "बाबतीत जे योय इदसेल बारू कारचे राजाने (प) धारण करावे हे का?",
            "question_type": "objective",
            "score": "8",
            "options": [
                "ूसंगाूमाणे निनरिनराळी राजाची बारीकसारीक गोीत सुा फसगत होत नाही",
                "ूसंगाूमाणे राजाची बारीकसारीक गोीत सुा फसगत होते",
                "राजाने धारण करावे हे बाबतीत जे योय इदसेल बारू कारचे",
                "राजाने धारण न करावे हे बाबतीत जे योय इदसेल बारू कारचे"
            ],
            "answer": "ूसंगाूमाणे निनरिनराळी राजाची बारीकसारीक गोीत सुा फसगत होत नाही",
            "tag": "राजकारण, राजा, प"
        }
    },
    {
        "filename": "page_82.txt",
        "extracted_result": {
            "question": "बलवंत आणि शहाण यांमध्ये फरक कसा करावा",
            "question_type": "विषयी",
            "score": 8,
            "answer": "उपमाॅचाराे, छंदा<ै, वाणित्याने जीवन जगणे हे शहाणपणाचे लक्षण असून, बलवान हे शब्द विचारे, धैर्यावर आधारित जीवन जगण्यासाठी वापरले जातो.",
            "tag": "शहाणपणा, बलवानपणा, उपमा"
        }
    },
    {
        "filename": "page_110.txt",
        "extracted_result": {
            "question": "वाणीचा संयम करणे आवश्यक आहे का?",
            "question_type": "वस्तुनिष्ठ",
            "score": "8",
            "answer": "",
            "tag": "वाणी संयम धैर्य",
            "options": [
                "नेहमी",
                "कधी कधी",
                "क्वचित",
                "कदापि नाही"
            ],
            "correct": "नेहमी"
        }
    },
    {
        "filename": "page_86.txt",
        "extracted_result": {
            "question": "गाय दूध देते की सुख देते त्याचा माणसाला अधिक लाभ असतो?",
            "question_type": "विषयपूर्ण",
            "correct_answer": "गाय दूध देते, त्याचा माणसाला अधिक लाभ असतो.",
            "tag": "गाय, दूध, सुख, लाभ",
            "score": "9"
        }
    },
    {
        "filename": "page_116.txt",
        "extracted_result": {
            "question": "शारीिरक  इनयम  पाळण े हे मानवी उर्ण मानतात",
            "question_type": "सिंगल-लाइन-प्रश्न",
            "score": 8,
            "answer": "नाही , मनावर जय मिळवून बुध्दी शुध्द करणे हे दैवी उर्ण मानतात",
            "tag": "शारीरिक इनयम, मन, मानवी, उर्ण, दैवी"
        }
    },
    {
        "filename": "page_104.txt",
        "extracted_result": {
            "question": "जे दांभिकाचरण करीत नाहीत , त्यांची वृक्ष संयमशील आहे व जे विषयांना डावलतात ते सर्व संकटांतून पार पडतात.",
            "question_type": "वाक्यांश प्रश्न",
            "score": "८",
            "answer": "होय",
            "tag": "संयम, दांभिकता, संकट"
        }
    },
    {
        "filename": "page_70.txt",
        "extracted_result": {
            "question": "खरोखर जतःच कोणीशऽुनसतो इवमऽहनसतो",
            "question_type": "स्पष्टप्रश्न",
            "score": 8,
            "tags": [
                "साम ायो"
            ],
            "options": [
                "शाऽुन",
                "िमऽाहण",
                "असदं",
                "निरय"
            ],
            "answer": "शाऽुन"
        }
    },
    {
        "filename": "page_10.txt",
        "extracted_result": {
            "question": "मनुाचे कृतं काय आहे ?",
            "question_type": "संयुक ्",
            "score": "8",
            "answer": "",
            "options": [
                "पररा ंचाच आउय घेऊन सुख भोगणे",
                "कमाला मानणे",
                "सव लोक ेमध्ये फक ्त सुख भोगणे",
                "कमाचे फळ कोणीिह भोगीत नाही"
            ],
            "correct_answer": "कमाचे फळ कोणीिह भोगीत नाही",
            "tag": "कर्म, सुख, दु:ख, मनुा, कृतं"
        }
    },
    {
        "filename": "page_11.txt",
        "extracted_result": {
            "question": "साम बनवण्यासाठी कोणता गुण आवश्यक आहे?",
            "question_type": "ObjectContext",
            "score": "8",
            "options": [
                "ताकद",
                "धन",
                "शौर्य",
                "साम"
            ],
            "correct_answer": "साम",
            "tag": "साम, ताकद, धन, शौर्य"
        }
    },
    {
        "filename": "page_72.txt",
        "extracted_result": {
            "question": "वयो एकसारखे चालले असून एक पळभरसुद्धा थांबत नाही. आतःचे शरीर जेथे अशा परिस्थितीत, तेथे कोणती वृत्ती दिसून समजावयाची?",
            "question_type": "व्यक्तिनिष्ठ",
            "score": 8,
            "answer": "आयुष्य हे एकट्यानेच उभे असते.",
            "tag": "मतदान, व्यक्तिनिष्ठ, जीवन"
        }
    },
    {
        "filename": "page_21.txt",
        "extracted_result": {
            "question": "आपले मन स्वतःस अधीन न ठेवता जो विधायकांना आपल्या वशामध्ये ठेवून बसतो त्याचा लोक कसा बरोबरीने उल्लेख करतात?",
            "question_type": "वस्तुनिष्ठ",
            "tag": "्मन अधीन, स्वाधीन, विधायक, लोक",
            "score": 8,
            "options": "१ ) त्याची निंदा करतात\n २) त्याहरताला देतात\n ३) त्याची प्रशंसा करतात\n ४) त्याचा उपहास करतात",
            "correct_answer": "४) त्याचा उपहास करतात"
        }
    },
    {
        "filename": "page_115.txt",
        "extracted_result": {
            "question": "जेथे कामबोधाचा तडाका सहन करणे शक्य नसते, तेथे योगी होणे शक्य आहे का? ",
            "question_type": "वास्तविक",
            "score": "8",
            "tag": "योग",
            "options": [
                "होय",
                "नाही",
                "कदाचित",
                "माहित नाही"
            ]
        }
    },
    {
        "filename": "page_48.txt",
        "extracted_result": {
            "question": "दाने तपिस संसेव च यो नोऽधिर्यते यशः।",
            "question_type": "वहीवरणात्मक",
            "score": "8",
            "answer": "नाही, इथे दिलेल्या श्लोकात दान, तप, संसेव च यांपैकी कोणत्याही एकाचे वर्णन केले आहे की जर कोणीही त्या गोष्टी करत नसला तरी त्याची कीर्ती त्याची आई केलेली असते.",
            "tag": "दान, तप, संसेव च , यशः"
        }
    }
]