filename,extracted_result
page_112.txt,"{
   ""question"": ""Can man truly live in unity and harmony with all creatures, including snakes and other animals?"",
   ""question_type"": ""subjective"",
   ""score"": 82.15,
   ""answer"": ""According to Gandhi, Yes, man can live in unity and harmony with all creatures as they are made in the image of God and it is a unilateral obligation imposed on humans to acknowledge this kinship."",
   ""tag"": [""harmony"", ""unity"", ""nature"", ""coexistence""]
}"
page_65.txt,"{
   ""question"": ""Are Indians generally vile?"",
   ""question_type"": ""subjective"",
   ""score"": ""82.5"",
   ""answer"": ""No, Indians are seekers of truth and God, with many noble specimens of humanity among them."",
   ""tag"": [""culture"", ""religion"", ""India"", ""humanity""]
}"
page_71.txt,"{
   ""question"": ""Why does the author consider Hinduism as the most tolerant religion?"",
   ""question_type"": ""Subjective"",
   ""score"": ""87.25"",
   ""answer"": ""The author considers Hinduism as the most tolerant religion because of its freedom from dogma, giving the votary the largest scope for self-expression, and enabling its followers to respect and admire other faiths. Its worship of the cow is also seen as a practical application of the belief in the oneness and sacredness of all life."",
   ""tag"": [""tolerance"", ""religion"", ""Hinduism"", ""spirituality""]
}"
page_106.txt,"{
   ""question"": ""Why, in spite of having the remedy of contemplation on God at hand, do we know so little about it and why even those who know, do not remember Him or remember Him only by lip-service, not from the heart?"",
   ""question_type"": ""Subjective"",
   ""score"": 93.72,
   ""answer"": ""The parrot-like repetition of God's name signifies failure to recognize Him as the panacea for all ills."",
   ""tag"": [""Contemplation"", ""God"", ""Spirituality""]
}"
page_51.txt,"{
   ""question"": ""Is fasting a form of coercion or undue influence?"",
   ""question_type"": ""subjective"",
   ""score"": 87.25,
   ""answer"": ""According to the author, fasting can be both used and misused, and it is the responsibility of the people being affected by the fast to discern the intentions and goals of the fasting person."",
   ""tag"": ""Satyagraha, Fasting, Non-violence, Coercion""
}"
page_120.txt,"{
   ""question"": ""Is carrying on with worldly senses as before, compatible with the goal of achieving Brahmacharya?"",
   ""question_type"": ""subjective"",
   ""score"": 85.1,
   ""answer"": ""No, it is not compatible. A Brahmachari must gradually control his senses and adopt a simple and restrained lifestyle."",
   ""tag"": ""Brahmacharya, restraint, senses""
}"
page_117.txt,"{
   ""question"": ""Can people who are already married realize Truth?"",
   ""question_type"": ""subjective"",
   ""score"": ""89.5"",
   ""answer"": ""Yes, they can realize Truth if they can think of each other as brother and sister and work towards universal service."",
   ""tag"": ""marriage, truth, ahimsa, non-violence, family""
}"
page_89.txt,"{
   ""question"": ""Can one prove the existence of God?"",
   ""question_type"": ""objective"",
   ""score"": ""86.44"",
   ""options"": [
      ""Yes, through scientific experiments."",
      ""Yes, through reasoning and logic."",
      ""No, He defies reason."",
      ""Only through divine intervention.""
   ],
   ""correct_answer"": ""No, He defies reason."",
   ""tags"": [""existence"", ""God"", ""spirituality"", ""reason"", ""proof""]
}"
page_99.txt,"{
   ""question"": ""Why did the author of the Gita use a warlike illustration despite advocating for Ahimsa?"",
   ""question_type"": ""objective"",
   ""score"": 82.47,
   ""possible_answers"": [
       ""Because the author of the Gita did not believe in Ahimsa"",
       ""Because wars were not considered contradictory to Ahimsa at that time"",
       ""Because the author wanted to show that war is necessary for the greater good"",
       ""Because the Gita was written by multiple authors with different beliefs""
    ],
   ""correct_answer"": ""Because wars were not considered contradictory to Ahimsa at that time"",
   ""tag"": [""Ahimsa"", ""Gita"", ""War"", ""Nonviolence""]
}"
page_76.txt,"{
   ""question"": ""What common motivating force does all the religions of the world depict?"",
   ""question_type"": ""objective"",
   ""score"": ""67.92"",
   ""options"": [
       ""The desire to uplift man's life and give it purpose."",
       ""The desire to promote conflicts and give it no purpose."",
       ""The desire to uplift the gods and give it a purpose."",
       ""The desire to destroy the gods.""
   ],
   ""correct_answer"": ""The desire to uplift man's life and give it purpose."",
   ""tag"": ""religion, upliftment""
}"
page_156.txt,"{
   ""question"": ""What is the common doctrine among the major religions that the author seems to value the most based on the selection of names and the practices in this directory? "",
   ""question_type"": ""subjective"",
   ""score"": 72.58,
   ""answer"": ""Ahimsa or Non-violence"",
   ""tag"": [""non-violence"", ""morality"", ""religion""]
}"
page_50.txt,"{
   ""question"" : ""Can prayer be used for selfish motives and still be effective?"",
   ""question_type"" : ""objective"",
   ""score"" : 87.5,
   ""options"" : [
      ""Yes, prayer can be used for selfish motives and still be effective"",
      ""No, prayer cannot be used for selfish motives and still be effective"",
      ""Prayer is only effective when used for selfless motives and not for personal gain"",
      ""The effectiveness of prayer depends on the prayee, not the prayor's motive""
   ],
   ""correct"" : ""No, prayer cannot be used for selfish motives and still be effective"",
   ""tag"" : ""Spirituality""
}"
page_83.txt,"{
   ""question"": ""Can the act of worship in temples serve as a means for a person to reach the Unseen or connect with God?"",
   ""question_type"": ""subjective"",
   ""score"": 92.33,
   ""answer"": ""According to the text, yes, the act of worship in temples can serve as a means for a person to reach the Unseen or connect with God, as temples are seen as answers to man's craving to reach the Unseen."",
   ""tag"": ""Faith, Worship, Spirituality, Idolatry""
}"
page_131.txt,"{
   ""question"": ""May not men earn their bread by intellectual labour?"", 
   ""question_type"": ""objective"", 
   ""score"": ""85.5"", 
   ""options"": [
        ""Yes, with no limitations"",
        ""Yes, for their own benefit"",
        ""No, as it is meant for the soul"",
        ""Yes, sporadically""
    ],
    ""correct_answer"": ""No, as it is meant for the soul"",
    ""tags"": [""labour"", ""intellectual"", ""society""]
}"
page_22.txt,"{
   ""question"": ""Does God have the right to revise His own laws?"",
   ""question_type"": ""objective"",
   ""score"": 83.42,
   ""options"": [
      ""Yes, God can revise His own laws"",
      ""No, God has reserved no right of revision of His own laws"",
      ""God's laws are changeable over time"",
      ""God's laws change based on human actions""
   ],
   ""correct_answer"": ""No, God has reserved no right of revision of His own laws"",
   ""tag"": ""God, Nature, Laws, Revision""
}"
page_136.txt,"{
   ""question"":""What is true humility as described in the context of service to humanity?"",
   ""question_type"":""subjective"",
   ""score"":90.76,
   ""answer"":""True humility means most strenuous and constant endeavour entirely directed to the service of humanity."",
   ""tag"":""humility""
}"
page_30.txt,"{
   ""question"": ""What does one require to hear the Inner Voice?"",
   ""question_type"": ""subjective"",
   ""score"": ""92.5"",
   ""answer"": ""To hear the Inner Voice, one requires previous and definite preparation, determination, and training. It is also essential to obey the dictates of reason, and be willing to listen to the still small Voice within."",
   ""tag"": ""Self-discovery, Spirituality, Inner-Voice, Meditation""
}"
page_17.txt,"{
   ""question"": ""What is the ultimate force that binds all living things together?"",
   ""question_type"": ""objective"",
   ""score"": ""85.67"",
   ""options"": [
      ""Attraction"",
      ""Love"",
      ""Repulsion"",
      ""Destruction""
   ],
   ""correct_answer"": ""Love"",
   ""tag"": [""Love"", ""Binding_Force"", ""Nature""]
}"
page_124.txt,"{
   ""question"": ""Is marriage meant for restricting physical union only between partners for the purpose of procreation?"",
   ""question_type"": ""objective"",
   ""score"": 85.75,
   ""options"": [
       ""No, it's just for enjoyment"",
       ""Yes, it has a higher purpose"",
       ""Maybe, it depends on individual desire"",
       ""It's only for companionship""
   ],
   ""correct_answer"": 2,
   ""tag"": [""Marriage"", ""Ethics"", ""Procreation""]
}"
page_13.txt,"{
   ""question"": ""Can reason alone be enough to understand God?"",
   ""question_type"": ""subjective"",
   ""score"": 80.56,
   ""answer"": ""No, reason is powerless to know God. Faith is essential in this matter."",
   ""tag"": ""Existence, Faith, Reason, God""
}"
page_40.txt,"{
   ""question"": ""Is it possible to prepare for war and yet whole-heartedly try to free oneself from war?"",
   ""question_type"": ""objective"",
   ""score"": 87,
   ""options"": [
      ""Yes, it is possible"",
      ""No, it is not possible"",
      ""Only through self-reflection"",
      ""Only through non-violence""
   ],
   ""correct_answer"": ""Yes, it is possible"",
   ""tags"": [""war"", ""peace"", ""violence"", ""freedom""]
}"
page_23.txt,"{
   ""question"": ""What is the purpose of divine calamities in our lives according to Gandhi?"",
   ""question_type"": ""subjective"",
   ""score"": ""87.50"",
   ""answer"": ""Gandhi believed that calamities come to mankind as chastisement for their sins, but that they also obey fixed laws of nature, and that there is a divine purpose behind every physical calamity."",
   ""tag"": [""Gandhi"", ""DivineCalamities"", ""Purification"", ""SelfDiscovery""]
}"
page_69.txt,"{
   ""question"":""Is it not truly deplorable that many Christian Indians discard their own mother-tongue, bring up their children only to speak in English?"", 
   ""question_type"":""subjective"", 
   ""score"":83.23, 
   ""answer"":""Yes, it is deplorable as they completely cut themselves adrift from the nation in whose midst they have to live."", 
   ""tag"":""cultural_identification, language, identity""
}"
page_127.txt,"{
   ""question"": ""Will man be able to attain the ideal of non-possession if he relies on God for his daily bread?"",
   ""question_type"": ""subjective"",
   ""score"": 82.56,
   ""answer"": ""According to Gandhi's philosophy, only a very few rare souls can attain the ideal of non-possession, but ordinary seekers can strive for it by examining their property and reducing their wants."",
   ""tag"": ""Non-possession""
}"
page_162.txt,"{
   ""question"": ""What are the different sources of M. K. Gandhi's life experiments and writings?"",
   ""question_type"": ""objective"",
   ""score"": 95.23,
   ""options"": [
      ""A) Only The Bombay Chronicle and Ethical Religion"",
      ""B) Only An Autobiography, From Yeravda Mandir, and Hind Swaraj"",
      ""C) Various sources including An Autobiography, The Bombay Chronicle, Ethical Religion, From Yeravda Mandir, Harijan, and Hind Swaraj"",
      ""D) None of the above""
   ],
   ""correct_answer"": ""C) Various sources including An Autobiography, The Bombay Chronicle, Ethical Religion, From Yeravda Mandir, Harijan, and Hind Swaraj"",
   ""tags"": [""Gandhi"", ""Sources"", ""Literature"", ""Autobiography""]
}"
page_19.txt,"{
   ""question"": ""What is the location of God according to the author?"",
   ""question_type"": ""objective"",
   ""score"": 88.25,
   ""options"": [""Within us"", ""In the clouds"", ""In scientific language"", ""In popular language""],
   ""tag"": ""spirituality"",
   ""correct_answer"": ""Within us""
}"
page_111.txt,"{
   ""question"": ""Why should you deny it for yourselves, if thereby you show the way to others and beyond showing it, actually serve them in addition by reason of your fitness?"",
   ""question_type"": ""subjective"",
   ""score"": ""82.56"",
   ""answer"": ""You should not deny your own salvation as it allows you to serve others by setting an example and being physically and mentally fit to help them."",
   ""tag"": [""salvation"", ""selflessness"", ""spirituality"", ""service""]
}"
page_79.txt,"{
   ""question"":""What is the approach of Hindus in idol-worship?"",
   ""question_type"":""subjective"",
   ""score"":93.72,
   ""answer"":""Hindus seek to establish contact with God through a stone image."",
   ""tag"":""Idolatry,Hinduism,God""
}"
page_18.txt,"{
   ""question"": ""If love or non-violence is not the law of our being, what is likely to happen?"",
   ""question_type"": ""Objective"",
   ""score"": 87.21,
   ""options"": [""Periodical outbreaks of peace"", ""Peaceful society"", ""Periodical recrudescence of war"", ""Humans will become extinct""],
   ""correct_answer"": ""Periodical recrudescence of war"",
   ""tags"": [""Morality"", ""Non-violence"", ""War"", ""Philosophy""]
}"
page_113.txt,"{
   ""question"": ""How can a person following the path of Ahimsa rid the earth of venomous beasts and reptiles?"",
   ""question_type"": ""subjective"",
   ""score"": 84.6,
   ""answer"": ""To rid the earth of venomous beasts and reptiles, a person following the path of Ahimsa must first rid themselves of all venomous thoughts, for as they change themselves, they can change the world around them."",
   ""tag"": [""Ahimsa"", ""non-violence"", ""self-improvement""]
}"
page_117.txt,"{
   ""question"": ""If the married couple can think of each other as brother and sister, can they be freed for universal service?"",
   ""question_type"": ""objective"",
   ""score"": 82.45,
   ""tag"": ""Marriage, Love, Service, Spirituality"",
   ""options"": [
      ""yes"",
      ""no"",
      ""it depends on their love"",
      ""they must divorce each other""
   ],
   ""correct_answer"": ""yes""
}"
page_89.txt,"{
   ""question"": ""Can a person prove or reason out the existence of God to others?"", 
   ""question_type"": ""subjective"", 
   ""score"": 92.15, 
   ""answer"": ""No, the existence of God cannot be proved or reasoned out to others but it is experienced within oneself."", 
   ""tag"": ""spirituality God existence""
}"
page_99.txt,"{
   ""question"": ""Is it possible to follow truth and Ahimsa without the desire for fruit?"",
   ""question_type"": ""subjective"",
   ""score"": 82.5,
   ""answer"": ""When there is no desire for fruit, there is no temptation for untruth or Himsa"",
   ""tag"": ""Gandhi, Gita, Truth, Ahimsa, Desirelessness""
}"
page_76.txt,"{
   ""question"":""What is the relation between the Bhagavad Gita and the Sermon on the Mount?"",
   ""question_type"":""Subjective"",
   ""score"":85.7,
   ""answer"":""According to Gandhi, both the Bhagavad Gita and the Sermon on the Mount convey the same law of love, with the Gita reducing it to a scientific formula and the Sermon describing it in wonderful language."",
   ""tag"":""Religion, Spirituality, Philosophy, Comparative Analysis""
}"
page_156.txt,"{
   ""question"": ""Who are the saintly sons of Hazrat Ali and son-in-law of Prophet Muhammad?"",
   ""question_type"": ""objective"",
   ""score"": 84.32,
   ""answer"": ""Imam Hasan and Imam Husain"",
   ""options"": [
       ""Imam Hasan and Imam Husain"",
       ""Rishabha and Mahavira"",
       ""Janaka and Janmashtami"",
       ""Krishna and Kabir""
   ],
   ""correct_answer"": ""Imam Hasan and Imam Husain"",
   ""tag"": [""Islam"", ""History"", ""Religion"", ""Biography""]
}"
page_50.txt,"{
   ""question"": ""Can fasting and prayer be truly effective in achieving the desired goal when done without the right spirit?"",
   ""question_type"": ""subjective"",
   ""score"": ""87.62"",
   ""answer"": ""No, fasting and prayer cannot be truly effective without the right spirit behind them. They must be accompanied by readiness to receive pure thoughts and determination to resist all temptations."",
   ""tag"": [""Fasting"", ""Prayer"", ""Purity"", ""Spirituality""]
}"
page_83.txt,"{
   ""question"": ""What is the true significance of temple-going according to the author?"",
   ""question_type"": ""objective"",
   ""score"": 97.5,
   ""options"": [
      ""Temple-going is to ensure one's own salvation"",
      ""Temple-going is for the purification of the soul"",
      ""Temple-going is only to meet other devotees"",
      ""Temple-going is just a blind superstition""
   ],
   ""correct_answer"": ""Temple-going is for the purification of the soul"",
   ""tags"": [""Spirituality"", ""Faith"", ""Worship""]
}"
page_131.txt,"{
   ""question"": ""Who are the suffering and the woe-begone in society?"",
   ""question_type"": ""single-line-answer"", 
   ""score"": 92.4, 
   ""answer"": ""The suppressed and the poverty-stricken"", 
   ""tag"": [""poverty"", ""society"", ""service""]
}"
page_22.txt,"{
   ""question"": ""Is there any change or revision possible in God's laws?"",
   ""question_type"": ""objective"",
   ""score"": 98.75,
   ""options"": [
       ""Yes, God revises His laws"",
       ""No, the laws of Nature are changeless"",
       ""God reserves the right of revision"",
       ""There are some exceptions""
   ],
   ""correct_answer"": ""No, the laws of Nature are changeless"",
   ""tags"": [""God"", ""Laws"", ""Nature"", ""Changeless""]
}"
page_136.txt,"{
   ""question"": ""What is the true humility in serving humanity?"",
   ""question_type"": ""subjective"",
   ""score"": 84.25,
   ""answer"": ""True humility means most strenuous and constant endeavour entirely directed to the service of humanity."",
   ""tags"": [""humility"", ""humanity"", ""service""]
}"
page_30.txt,"{
   ""question"":""Is it necessary to prepare oneself in order to hear the Inner Voice?"",
   ""question_type"":""objective"",
   ""score"":""92.54"",
   ""options"": [
      ""Yes, it requires definite preparation"",
      ""No, it can be heard by anyone at anytime"",
      ""Only people with special abilities can hear it"",
      ""It depends on the individual's faith""
   ],
   ""correct_answer"": ""Yes, it requires definite preparation"",
   ""tag"": [""gandhi"", ""spirituality"", ""inspiration""]
}"
page_17.txt,"{
   ""question"": ""What must be extended to the universe in order to achieve a well-ordered society?"",
   ""question_type"": ""subjective"",
   ""score"": ""87.56"",
   ""answer"": ""The national law, based on mutual love and regard among individuals, must be extended to the universe to form a larger family."",
   ""tag"": ""Love, Nation, Universe""
}"
page_124.txt,"{
   ""question"": ""Is marriage just a physical union, or does it have a higher purpose?"", 
   ""question_type"": ""subjective"", 
   ""score"": 87.5, 
   ""answer"": ""According to Gandhi, marriage must be considered a sacrament that imposes discipline upon the partners, restricting them to the physical union only among themselves and for the purpose only of procreation."", 
   ""tag"": [""Marriage"", ""Morality"", ""Self-control"", ""Spirituality""]
}"
page_13.txt,"{
   ""question"": ""Is it proper to believe in the Parent of the whole creation?"",
   ""question_type"": ""objective"",
   ""score"": 65.13,
   ""options"": [
    ""Yes"",
    ""No"",
    ""It is uncertain"",
    ""It is dependent on circumstances""
   ],
   ""answer"": ""Yes"",
   ""tag"": [""Existence"", ""God"", ""Belief""]
}"
page_40.txt,"{
   ""question"": ""Is it possible to hate war and yet whole-heartedly try to free oneself and the world from war?"",
   ""question_type"": ""subjective"",
   ""score"": ""87.5"",
   ""answer"": ""According to Gandhi, yes it is possible to hate war and yet whole-heartedly try to free oneself and the world from war."",
   ""tags"": [""war"", ""freedom"", ""nonviolence""]
}"
page_23.txt,"{
   ""question"": ""Do calamities such as earthquakes come to mankind as a result of their sins or as a mere caprice of the Deity or Nature?"",
   ""question_type"": ""Subjective"",
   ""score"": ""87.3"",
   ""answer"": ""According to Gandhi, calamities come to mankind as chastisement for their sins, but they also obey fixed laws that are yet to be fully understood by humans."",
   ""tag"": [""Karma"", ""Sin"", ""Nature"", ""Calamities""]
}"
page_69.txt,"{
   ""question"":""Is it not truly deplorable that many Christian Indians discard their own mother-tongue, bring up their children only to speak in English?"",
   ""question_type"":""Subjective"",
   ""score"":""64.23"",
   ""answer"":""Yes, it is deplorable according to Gandhi's perspective, as it creates a divide between the Christians and the nation they live in."",
   ""tag"": [""culture"",""language"",""nationality""]
}"
page_127.txt,"{
   ""question"": ""Can a seeker after Truth, a follower of the Law of Love, hold anything against tomorrow?"",
   ""question_type"": ""objective"",
   ""score"": 61.4,
   ""options"": [
      ""Yes, he can hold everything for tomorrow"",
      ""No, he cannot hold anything against tomorrow"",
      ""It depends on personal circumstances"",
      ""There is no clear answer""
   ],
   ""correct_answer"": ""No, he cannot hold anything against tomorrow"",
   ""tags"": [""Truth"", ""Non-Possession"", ""Love"", ""Contentment""]
}"
page_162.txt,"{
   ""question"":""What is the main theme of 'Truth is God'?"",
   ""question_type"":""subjective"",
   ""score"":82.6,
   ""answer"":""The main theme is the concept of moral truth and its significance as per Mahatma Gandhi's perspective."",
   ""tag"":""Philosophy, Morality, Autobiography""
}"
page_19.txt,"{
   ""question"": ""How can we find the Supreme Power residing within us?"",
   ""question_type"": ""subjective"",
   ""score"": 87.56,
   ""answer"": ""We can find the Supreme Power if we make diligent search with the fixed determination to find Him through the way of Ahimsa and love."",
   ""tag"": ""God, Ahimsa, love, self-discovery""
}"
page_111.txt,"{
   ""question"": ""Why should you deny salvation for yourselves, if thereby you show the way to others and beyond showing it, actually serve them in addition by reason of your fitness?"",
   ""question_type"": ""subjective"",
   ""score"": 82.15,
   ""answer"": ""According to Gandhi, it is because denying salvation for oneself would hinder the ability to serve others and show them the way."",
   ""tag"": [""salvation"", ""fitness"", ""service"", ""self-denial""]
}"
page_79.txt,"{
   ""question"": ""Is it idolatry to venerate images, relics, or symbols of sacred figures in a faith?"",
   ""question_type"": ""subjective"",
   ""score"": 87.42,
   ""answer"": ""According to Gandhi, idolatry is not mere veneration, but only when worship is given to something lesser than God. He believes that the ultimate goal of such veneration is to establish contact with God, and the medium used is secondary."",
   ""tags"": [""idolatry"", ""worship"", ""faith"", ""symbols"", ""veneration""]
}"
page_18.txt,"{
   ""question"": ""What would happen if love or non-violence is not the law of our being?"",
   ""question_type"": ""objective"",
   ""score"": 85.45,
   ""options"": [
       ""Life would persist normally"",
       ""There would be a periodical increase in ferocity of war"",
       ""Life and death would be balanced"",
       ""There would be no effect on human life""
   ],
   ""correct_answer"": ""There would be a periodical increase in ferocity of war"",
   ""tag"": [""love"", ""non-violence"", ""human nature""]
}"
page_113.txt,"{
   ""question"": ""If I want to rid the earth of venomous beasts and reptiles, what must I do to myself first?"",
   ""question_type"": ""objective"",
   ""score"": 84.2,
   ""options"": [
      ""Seek to kill the so-called venomous beasts and reptiles"",
      ""Pray for ultimate deliverance from the bondage of the flesh"",
      ""Rid myself of all venomous thoughts"",
      ""Continue life in the body as usual""
   ],
   ""correct_answer"": 3,
   ""tags"": [""Non-violence"", ""Self-improvement"", ""Animal-welfare"", ""Morality""]
}"
page_130.txt,"{
   ""question"": ""What happens if all people laboured for their bread and no more?"",
   ""question_type"": ""Objective"",
   ""score"": 85.28,
   ""options"": [
     ""There would be no cry of over-population and no disease."",
     ""There would be more rich and poor people, high and low, touchable and untouchable."",
     ""There would be a lack of food and more misery."",
     ""The world would remain the same.""
   ],
   ""correct_answer"": ""There would be no cry of over-population and no disease."",
   ""tag"": [""labour"", ""society"", ""benefits""]
}"
page_12.txt,"{
   ""question"": ""How can the concept of Anekantavada be applied in understanding different perspectives of reality?"",
   ""question_type"": ""subjective"",
   ""score"": 92.5,
   ""answer"": ""The concept of Anekantavada can be applied in understanding different perspectives of reality by recognizing that multiple viewpoints can coexist and be true from their respective points of view, allowing for the acceptance and love of others despite their differences."",
   ""tag"": ""Anekantavada, Perspectivism, Reality, Tolerance""
}"
page_122.txt,"{
   ""question"": ""How can one achieve complete mastery over thought in the pursuit of Brahmacharya?"",
   ""question_type"": ""subjective"",
   ""score"": 87.2,
   ""answer"": ""Complete mastery over thought is impossible without an unreserved surrender to God's grace. One has to find their own key to lock out undesirable thoughts and seek perfection through the use of Mantras such as Rama-nama, which are hallowed by austerities and charged with purity."",
   ""tags"": [""Brahmacharya"", ""Mastery"", ""Thought"", ""God"", ""Grace""]
}"
page_74.txt,"{
   ""question"": ""What did Buddha mean by the term Nirvana?"",
   ""question_type"": ""objective"",
   ""score"": 98.4,
   ""options"": [
       ""A complete extinction of human existence"",
       ""A state of utter extinction of all that is base, vicious and corrupt in an individual"",
       ""A religious ritual to please God"",
       ""A theory that disbelieves in God""
   ],
   ""correct_answer"": ""B"",
   ""tag"": [""Nirvana"", ""Buddhism"", ""Buddha""]
}"
page_77.txt,"{
   ""question"": ""What is Islam's distinctive contribution to India's national culture?"",
   ""question_type"": ""objective"",
   ""score"": 87.5,
   ""options"": [
       ""The philosophy of ahimsa (non-violence)"",
       ""The practice of worshipping multiple deities"",
       ""The oneness of God and the practical application of the truth of the brotherhood of man"",
       ""The caste system and social hierarchy""
   ],
   ""correct_answer"": ""The oneness of God and the practical application of the truth of the brotherhood of man"",
   ""tags"": ""Islam, India, Culture, Oneness, Brotherhood, Hinduism""
}"
page_26.txt,"{
   ""question"": ""How can we appeal to the starving millions?"",
   ""question_type"": ""objective"",
   ""score"": 92.58,
   ""options"": [
       ""By taking the name of God in vain"",
       ""By talking about modern progress"",
       ""By taking food to them"",
       ""By giving them money""
   ],
   ""correct_answer"": ""By taking food to them"",
   ""tag"": [""poverty"", ""appeal"", ""starving-millions"", ""food"", ""spirituality""]
}"
page_29.txt,"{
   ""question"":""Can one be convinced that a voice, which claims to be of God, is truly the Voice of God and not an echo of one's own imagination?"",
   ""question_type"":""subjective"",
   ""score"":82.5,
   ""answer"":""For me, not the unanimous verdict of the whole world against me could shake me from the belief that what I heard was the true Voice of God."",
   ""tag"":""Belief, Faith, Intuition, Sanity""
}"
page_90.txt,"{
   ""question"": ""Can truth be found in scriptures or is it present within oneself?"",
   ""question_type"": ""subjective"",
   ""score"": 92.5,
   ""answer"": ""According to Gandhiji, the seat of authority lies within oneself and divine knowledge is not borrowed from books, but has to be realized in oneself."",
   ""tags"": ""Spirituality, Scripture, Reason, Faith, Truth""
}"
page_129.txt,"{
   ""question"":""Is the ability to refuse possessions or facilities that are denied to millions something that can be cultivated instantaneously?"",
   ""question_type"":""objective"",
   ""score"":97.45,
   ""options"": [
       ""Yes, it can be cultivated instantaneously"",
       ""No, it requires a gradual change in mentality"",
       ""It can be cultivated through renunciation"",
       ""It can be cultivated through immense influence over others""
   ],
   ""correct_answer"": ""No, it requires a gradual change in mentality"",
   ""tag"": ""Renunciation, Possessions, Simplicity, Selflessness""
}"
page_149.txt,"{
   ""question"": ""What is the true source of rights?"",
   ""question_type"": ""single-line-answer"",
   ""score"": ""98.52"",
   ""answer"": ""The true source of rights is duty."",
   ""tag"": ""duty, rights, morality""
}"
page_114.txt,"{
   ""question"":""Can a person attain complete non-violence, even by trying to minimize harm to any living being in daily life?"",
   ""question_type"":""subjective"",
   ""score"":86.56,
   ""answer"":""No, it's challenging to be completely non-violent, as one's body and physical needs may inherently cause harm to other living beings; however, a person may strive to minimize harm and understand the implications of non-violence."",
   ""tag"":""Ahimsa, Non-Violence, Self-Reflection, Personal Growth""
}"
page_142.txt,"{
   ""question"": ""Can permanent peace be obtained if even one nation were unconditionally to perform the supreme act of renunciation?"",
   ""question_type"": ""objective"",
   ""score"": 92.45,
   ""options"": [""Yes"", ""No"", ""Maybe"", ""Partially""],
   ""correct_answer"": ""Yes"",
   ""tag"": [""Peace"", ""Renunciation"", ""Mankind"", ""Godliness""]
}"
page_94.txt,"{
   ""question"": ""Is the Mahabharata a historical work in the accepted sense?"",
   ""question_type"": ""objective"",
   ""score"": 92.5,
   ""options"": [
      ""Yes, it is a historical work."",
      ""No, it is not a historical work in the accepted sense."",
      ""It describes the internal duel of mankind."",
      ""It is a story of physical warfare.""
   ],
   ""correct_answer"": ""No, it is not a historical work in the accepted sense."",
   ""tag"": ""Mahabharata, History, Religion""
}"
page_92.txt,"{
   ""question"" : ""How will someone steeped in sin use the grand truth 'I am Brahman'?"",
   ""question_type"" : ""subjective"",
   ""score"" : 87.56,
   ""answer"" : ""To ignoble purposes and it would suffer distortion at his hands."",
   ""tag"" : [""Spirituality"", ""Scriptures"", ""Vedas"", ""Interpretation"", ""Truth""]
}"
page_24.txt,"{
   ""question"": ""Can God be responsible for the evil in this world?"",
   ""question_type"": ""objective"",
   ""score"": ""84.61"",
   ""answer"": """",
   ""tag"": ""Philosophy, Spirituality, Ethics"",
   ""options"": [
       ""Yes, God permits both good and evil"",
       ""No, God is only responsible for the good"",
       ""Maybe, God's intentions are unclear"",
       ""God does not exist""
   ],
   ""correct_answer"": ""Yes, God permits both good and evil""
}"
page_20.txt,"{
   ""question"": ""How can we understand the word Satya or Truth in a much wider sense?"",
   ""question_type"": ""objective"",
   ""score"": 92,
   ""options"": [
      ""By only speaking the truth"",
      ""By understanding the law of Truth in a much wider sense"",
      ""By having an instinctive obedience to the principles of life"",
      ""By only applying the test of Truth to some of our actions""
   ],
   ""correct_answer"": ""By understanding the law of Truth in a much wider sense"",
   ""tag"": ""Satya, Truth, Philosophy""
}"
page_150.txt,"{
   ""question"": ""Can sin be considered as uncleanness before our Maker and can we eliminate it by speaking our thoughts openly?"",
   ""question_type"": ""Subjective"",
   ""score"": 87.99,
   ""answer"": ""According to Gandhi's teachings, sin can be eliminated by being open and honest with our thoughts and actions. If we consider our thoughts to be unclean, we must not think them, and if we think them, we must not hide them, thus eliminating the need for secrecy and sinning."",
   ""tags"": ""Sin, Secrecy, Redemption, Honesty""
 }"
page_148.txt,"{
   ""question"":""Is it worth to let the State aid any religion?"",
   ""question_type"":""subjective"",
   ""score"":78.2,
   ""answer"":""No, a society or group, which depends partly or wholly on State aid for the existence of its religion, does not deserve or, better still, does not have any religion worth the name."",
   ""tag"":""religion""
}"
page_95.txt,"{
   ""question"": ""How can one be free from action, i.e. from the taint of sin?"",
   ""question_type"": ""objective"",
   ""score"": 86.8,
   ""options"": {
      ""A"": ""To ignore the body and not participate in any action."",
      ""B"": ""To renounce the fruits of action and consider the body as the temple of God."",
      ""C"": ""To perform actions for the satisfaction of desires."",
      ""D"": ""To pray to the gods for freedom from actions.""
   },
   ""answer"": ""B"",
   ""tag"": [""Free"", ""Spiritual"", ""Gita"", ""Hinduism""]
}"
page_67.txt,"{
   ""question"": ""What is wanted in the context of different religions of the world?"",
   ""question_type"": ""Single-line-answer"",
   ""score"": 92.5,
   ""answer"": ""What is wanted therefore is living friendly contact among the followers of the great religions of the world and not a clash among them in the fruitless attempt on the part of each community to show the superiority of its faith over"",
   ""tag"": [""Religion"", ""Conversion"", ""Faith"", ""India""]
}"
page_34.txt,"{
   ""question"": ""Can we find God apart from humanity?"",
   ""question_type"": ""subjective"",
   ""score"": 92.32,
   ""answer"": ""No, because God is omnipresent and can only be found by serving and being one with all of humanity."",
   ""tag"": ""Philosophy Spirituality Ahimsa God Humanity""
}"
page_15.txt,"{
   ""question"": ""What then is Truth?"",
   ""question_type"": ""subjective"",
   ""score"": 82.5,
   ""answer"": ""It is what the voice within tells you."",
   ""tag"": ""Philosophy Truth God Love""
}"
page_37.txt,"{
   ""question"": ""What is the relationship between non-violence and Godhead?"",
   ""question_type"": ""objective"",
   ""score"": ""87.53"",
   ""options"": [
      ""Non-violence is a part of Godhead but it's not necessary for self realization"",
      ""Non-violence is completely unrelated to Godhead"",
      ""We become Godlike to the extent we realize non-violence, but we can never become wholly God"",
      ""There is no common ground between non-violence and Godhead""
   ],
   ""correct_answer"": ""We become Godlike to the extent we realize non-violence, but we can never become wholly God"",
   ""tags"": [""non-violence"", ""godhead"", ""gandhi"", ""truth"", ""Ahimsa""]
}"
page_96.txt,"{
   ""question"":""Does devotion in the context of the Gita imply mere intellectual knowledge or external practices?"",
   ""question_type"":""objective"",
   ""score"":85,
   ""tag"":""devotion, self-realization, spiritual knowledge, Gita"",
   ""options"":[
      ""Devotion in the Gita implies mere intellectual knowledge."",
      ""Devotion in the Gita involves only external practices."",
      ""Devotion in the Gita has the least to do with externals."",
      ""Devotion in the Gita is unconnected to self-realization.""
   ],
   ""correct_answer"":""3. Devotion in the Gita has the least to do with externals.""
}"
page_103.txt,"{
   ""question"": ""What is the connection between truth and beauty as stated by MK Gandhi?"",
   ""question_type"": ""subjective"",
   ""score"": 67.89,
   ""answer"": ""According to Gandhi, when one strives for truth, beauty and goodness naturally follow. He believed that truthful creations, such as the beauty of a sunset or the crescent moon, make him think of the Creator and ultimately lead to worship and the expansion of one's soul."",
   ""tag"": [""Truth"", ""Beauty"", ""Gandhi"", ""Spirituality""]
}"
page_47.txt,"{
   ""question"": ""How is the heart to be cleansed to have faith and to pray to God effectively?"",
   ""question_type"": ""subjective"",
   ""score"": 87.5,
   ""answer"": ""According to the text, the language of the heart is not something that can be easily taught, but rather it is something that only the bhakta – the true devotee – knows and can teach."",
   ""tag"": ""spirituality""
}"
page_44.txt,"{
   ""question"": ""Why pray at all? Does not God, if there be One, know what has happened?"",
   ""question_type"": ""subjective"",
   ""score"": ""82.5"",
   ""answer"": ""We pray as a heart search, a reminder to ourselves that we are helpless without God's support."",
   ""tag"": [""prayer"", ""God"", ""spirituality"", ""self-purification""]
}"
page_59.txt,"{
   ""question"": ""What is the significance of silence in a seeker's quest for truth?"",
   ""question_type"": ""objective"",
   ""score"": 92.3,
   ""options"": [
       ""A) It leads to absolute domination over the senses"",
       ""B) It provides a platform for clear thinking and contemplation"",
       ""C) It has no value in a seeker's life"",
       ""D) It only serves to relieve pressure""
   ],
   ""correct_answer"": ""B) It provides a platform for clear thinking and contemplation"",
   ""tags"": [""silence"", ""spirituality"", ""self-reflection"", ""contemplation""]
}"
page_88.txt,"{
   ""question"": ""Is faith the same as reason?"",
   ""question_type"": ""objective"",
   ""score"": ""87.56"",
   ""options"": [
      ""Yes, they are the same"",
      ""No, faith transcends reason"",
      ""Faith and reason are mutually exclusive"",
      ""Faith is a subset of reason""
   ],
   ""correct_answer"": ""No, faith transcends reason"",
   ""tag"": [""faith"", ""reason"", ""spirituality"", ""philosophy""]
}"
page_6.txt,"{
   ""question"": ""What, according to Gandhi, is the path to salvation?"",
   ""question_type"": ""single-line-answer"",
   ""score"": 92.5,
   ""answer"": ""incessant toil in the service of one’s country and of humanity"",
   ""tag"": ""Salvation, Humanity, Service""
}"
page_61.txt,"{
   ""question"":""Why should a Christian want to convert a Hindu to Christianity and vice versa?"",
   ""question_type"":""subjective"",
   ""score"":97.3,
   ""answer"":""According to Gandhi, there's room enough in one religion for the values and principles of others, and it's not necessary for one to convert to another, as long as they are good or godly men."",
   ""tag"":""[tolerance, spirituality, coexistence, secularism, conversion]""
}"
page_46.txt,"{
   ""question"": ""What about the people who cannot pray?"",
   ""question_type"": ""subjective"",
   ""score"": 85.7,
   ""answer"": ""One has to be humble and recognize that there is something infinitely higher than intellect that rules us. A true religious experience which is stronger than intellectual conception can provide satisfaction and comfort."",
   ""tags"": [""Prayer"", ""Humility"", ""Spirituality"", ""Faith""]
}"
page_7.txt,"{
   ""question"": ""Can truth and non-violence be applied to daily life and problems?"",
   ""question_type"": ""subjective"",
   ""score"": ""87.5"",
   ""answer"": ""Yes, truth and non-violence can be applied to our daily life and problems, as Gandhi has tried in his own way to apply the eternal truths to our daily life and problems."",
   ""tags"": ""Truth, Non-Violence, Gandhi, Life, Problems""
}"
page_66.txt,"{
   ""question"": ""What attitude should the missionaries adopt when approaching the people of India?"",
   ""question_type"": ""single-line-answer"",
   ""score"": 87.2,
   ""answer"": ""Open-heartedness and humility"",
   ""tag"": [""missionaries"", ""India"", ""Christianity"", ""humility""]
}"
page_98.txt,"{
   ""question"": ""Is renunciation of fruit equivalent to want of fruit for the renouncer?"",
   ""question_type"": ""objective"",
   ""score"": 92,
   ""options"": [
        ""yes, renunciation is equivalent to want of fruit"",
        ""no, renunciation means absence of hankering after fruit"",
        ""renunciation depends on individual perspective"",
        ""the concept is not clear in the Gita""
   ],
   ""correct_answer"": ""no, renunciation means absence of hankering after fruit"",
   ""tags"": ""renunciation, fruit, gita, hinduism, spirituality""
}"
page_126.txt,"{
   ""question"":""Is avoiding the consequences of one's own actions a greater sin than bringing forth unwanted children?"",
   ""question_type"":""subjective"",
   ""score"":85.67,
   ""answer"":""According to Gandhi, yes, it is a greater sin to avoid the consequences of one's own action as it unmans man."",
   ""tags"":""Morality, Consequences, Sin, Virtue""
}"
page_2.txt,"{
   ""question"": ""What is the requirement for a normal, healthy life – for the individual as well as for nations?"",
   ""question_type"": ""objective"",
   ""score"": ""92.15"",
   ""tag"": [""Life"", ""Individual"", ""Nations"", ""Religion"", ""God"", ""Health""],
   ""options"": [
       ""Money"",
       ""Education"",
       ""God and Religion"",
       ""Power""
   ],
   ""correct_answer"": ""God and Religion""
}"
page_42.txt,"{
   ""question"": ""What is the value of prayer for man in this world of the living?"",
   ""question_type"": ""subjective"",
   ""score"": 87.5,
   ""answer"": ""Prayer is the only means of bringing about orderliness and peace and repose in our daily acts."",
   ""tag"": [""Prayer"", ""Spirituality"", ""Gandhi""]
}"
page_157.txt,"{
   ""question"": ""What is the meaning of Om Paramatma in Hinduism?"",
   ""question_type"": ""single-line-answer"",
   ""score"": ""98.5"",
   ""answer"": ""The Supreme Self or God"",
   ""tags"": ""Hinduism, Spirituality, Om Paramatma""
}"
page_5.txt,"{
   ""question"": ""What is required to see the universal spirit of Truth face to face?"",
   ""question_type"": ""subjective"",
   ""score"": 67.85,
   ""answer"": ""To see the universal spirit of Truth face to face one must be able to love the meanest of creation as oneself."",
   ""tag"": [""Truth"", ""Love"", ""Spirituality""]
}"
page_38.txt,"{
   ""question"": ""What is the ultimate test of non-violence (Ahimsa) in an individual?"",
   ""question_type"": ""subjective"",
   ""score"": 87.92,
   ""answer"": ""The ultimate test of non-violence (Ahimsa) in an individual is when their virtues of mercy, non-violence, love and truth are pitted against ruthlessness, violence, hate and untruth."",
   ""tag"": [""non-violence"", ""spiritual"", ""morality""]
}"
page_84.txt,"{
   ""question"": ""Is it possible for faith to exist without a physical habitation?"",
   ""question_type"": ""objective"",
   ""score"": 87.3,
   ""options"": [
       ""Yes, faith can exist without a physical habitation"",
       ""No, faith requires a physical habitation"",
       ""Maybe, it depends on the individual's perspective"",
       ""It's not certain, but it's possible in some cases""
   ],
   ""correct_answer"": ""No, faith requires a physical habitation"",
   ""tag"": [""faith"", ""habitation"", ""spirituality""]
}"
page_109.txt,"{
   ""question"": ""Why a man who recites Ramanama regularly and leads a pure life should ever fall ill?"",
   ""question_type"": ""objective"",
   ""score"": ""98.8"",
   ""options"": [
      ""Because he has not realized God yet"",
      ""Due to his accidental transgression of limits"",
      ""Since disease is inherent in nature"",
      ""Because Ramanama has limitations""
   ],
   ""correct_answer"": ""Due to his accidental transgression of limits"",
   ""tags"": [""Spirituality"", ""Ramanama"", ""Health"", ""Purity"", ""Nature""]
}"
page_25.txt,"{
   ""question"": ""Do you feel a sense of freedom in your communion with God?"",
   ""question_type"": ""subjective"",
   ""score"": 87.3,
   ""answer"": ""I do. I do not feel cramped as I would on a boat full of passengers. Although I know that my freedom is less than that of a passenger, I appreciate that freedom as I have imbibed through and through the central teaching of the Gita that man is the maker of his own destiny in the sense that he has freedom of choice as to the manner in which he uses that freedom."",
   ""tag"": ""freedom, God, self-control, spiritual""
}"
page_27.txt,"{
   ""question"": ""What is the condition of millions of people in India and what is our responsibility towards them?"",
   ""question_type"": ""objective"",
   ""score"": 87,
   ""tag"": ""poverty, responsibility, India"",
   ""options"": [
       ""They are well off and we don't have any responsibility towards them"",
       ""They have to be satisfied with one meal a day and we have a responsibility to ensure they are fed and clothed"",
       ""They are all thieves and we don't have any responsibility towards them"",
       ""They are happy with what they have and we don't need to do anything for them""
   ],
   ""correct_answer"": ""They have to be satisfied with one meal a day and we have a responsibility to ensure they are fed and clothed""
}"
page_155.txt,"{
   ""question"": ""What was the name of the sacred river of northern India mentioned alongside other Indian concepts and figures?"",
   ""question_type"": ""objective"",
   ""score"": 87.23,
   ""options"": [
       ""Yamuna"",
       ""Saraswati"",
       ""Ganga"",
       ""Brahmaputra""
   ],
   ""correct_answer"": ""Ganga"",
   ""tag"": ""hinduism"",
   ""tags_are_relevant"": true
}"
page_137.txt,"{
   ""question"": ""Can an individual gain spiritually if those surrounding him suffer?"",
   ""question_type"": ""subjective"",
   ""score"": 87.32,
   ""answer"": ""No, I do not believe that an individual may gain spiritually and those whose surround him suffer. I believe in Advaita. I believe in the essential unity of man and, for that matter, of all that lives."",
   ""tag"": ""Spirituality, Unity""
}"
page_143.txt,"{
   ""question"": ""What happens if the world's best minds have not imbibed the spirit of non-violence?"",
   ""question_type"": ""subjective"",
   ""score"": ""86.37"",
   ""answer"": ""But that would only show that we have not gone far beyond the law of the jungle, that we have not yet learnt to appreciate the heritage that God has given us"",
   ""tag"": ""non-violence, sociology, philosophy""
}"
page_134.txt,"{
   ""question"": ""How can we best cultivate the habit of selfless service?"",
   ""question_type"": ""subjective"",
   ""score"": 85.7,
   ""answer"": ""By devoting ourselves to service with a clear conscience, recognizing the conditions of our birth, and renouncing self-interest, allowing our desire for service to grow stronger and making not only for our own happiness but that of the world at large."",
   ""tags"": [""selfless service"", ""purity"", ""renunciation"", ""faith""]
}"
page_60.txt,"{
   ""question"": ""Can a human being become perfect even as God is perfect?"", 
   ""question_type"": ""subjective"", 
   ""score"": 97,
   ""answer"": ""Yes, it is possible for every human being to become perfect even as God is perfect. It is necessary for us all to aspire after perfection, but when that blessed state is attained, it becomes indescribable; indefinable."",
   ""tag"": [""Perfection"", ""God"", ""Faith"", ""Religion"", ""Humanity""]
}"
page_35.txt,"{
   ""question"":""What happens when one's faith in God fails?"",
   ""question_type"":""subjective"",
   ""score"":92.56,
   ""answer"":""According to Gandhi, when one's faith in God fails, God comes to their assistance and helps them to regain their faith, but on His terms, not on their terms."",
   ""tag"":""faith""
}"
page_41.txt,"{
   ""question"": ""What is the ultimate result of prayer, whether it is petitional or an inward communion? "",
   ""question_type"": ""subjective"",
   ""score"": 92.5, 
   ""answer"": ""The ultimate result of prayer, whether it is petitional or an inward communion, is the cleansing and purification of the soul, freeing it from the layers of ignorance and darkness that envelop it and leading to the awakening of the divine in the individual."",
   ""tag"": [""religion"", ""prayer"", ""spirituality"", ""soul""]
}"
page_80.txt,"{
   ""question"": ""Why do you circumscribe the power of God?"",
   ""question_type"": ""subjective"",
   ""score"": ""83.2"",
   ""answer"": ""The idea of circumscribing the power of God is a mindset where one limits or restricts God's abilities to a specific aspect or book, as seen in the example where God is believed to have expressed the will only in the Bible. This mindset likely stems from a limited understanding or narrow perspective of the true extent of God's capabilities."",
   ""tag"": [""God"", ""Power"", ""Limitation""]
}"
page_9.txt,"{
   ""question"": ""What is the nature of God's power?"",
   ""question_type"": ""single-line-answer"",
   ""score"": ""87.21"",
   ""answer"": ""purely benevolent"",
   ""tag"": [""God"", ""Power"", ""Benevolence""]
}"
page_144.txt,"{
   ""question"": ""Why should we be upset when children or young men or old men die?"",
   ""question_type"": ""subjective"",
   ""score"": 83.52,
   ""answer"": ""According to the text, we should not be upset because souls never die and creation and destruction are perpetual processes, and every birth and death should not be a reason to give ourselves up to joy or sorrow."",
   ""tag"": [""death"", ""soul"", ""immortality"", ""hinduism""]
}"
page_43.txt,"{
   ""question"":""Who is so corrupt, wicked and lustful as I !"",
   ""question_type"":""subjective"",
   ""score"":""87.5"",
   ""answer"":""The author is hinting at self-reflection and acknowledging personal flaws. This rhetorical question is an expression of humility and a desire for self-improvement."",
   ""tags"":""self-reflection, humility, discipline""
}"
page_145.txt,"{
   ""question"": ""Why should my family be dependent on life insurance when the families of the numberless poor in the world are not?"",
   ""question_type"": ""subjective"",
   ""score"": 87.5,
   ""answer"": ""Gandhi believes that his family should not be dependent on life insurance as it implies fear and want of faith in God, and that God is the real protector."",
   ""tag"": ""Self-reliance, Faith, God""
}"
page_128.txt,"{
   ""question"":""What is true knowledge according to the 13th Chapter of the Gita?"",
   ""question_type"":""single-line-answer"",
   ""score"":87.5,
   ""answer"":""Humility etc., constitute knowledge, and all the rest is ignorance."",
   ""tag"":""Spirituality, Knowledge, Truth""
}"
page_39.txt,"{
   ""question"":""Is it possible for a votary of Ahimsa to be wholly free from outward Himsa?"",
   ""question_type"":""subjective"",
   ""score"":92.5,
   ""answer"":""No, a votary of Ahimsa can never be wholly free from outward Himsa as long as he continues to be a social being and participate in the very existence of society."",
   ""tags"":""Ahimsa, Non-violence, Himsa, Society, Unity""
}"
page_100.txt,"{
   ""question"": ""Can desire for fruit be consistent with renunciation of fruit in the Gita?"",
   ""question_type"": ""objective"",
   ""score"": ""87.32"",
   ""answer"": """",
   ""tag"": ""Gita, renunciation, desire, fruit"",
   ""options"": [
       ""Yes, desire for fruit is consistent with renunciation of fruit"",
       ""No, desire for fruit is not consistent with renunciation of fruit"",
       ""Desire for fruit is permissible for some but not for others"",
       ""Desire for fruit depends on the circumstances and the individual""
   ],
   ""correct_answer"": ""No, desire for fruit is not consistent with renunciation of fruit""
}"
page_135.txt,"{
   ""question"": ""Can the spiritual gain of one individual harm others?"",
   ""question_type"": ""subjective"",
   ""score"": 87.56,
   ""answer"": ""No, I believe in the essential unity of man and, for that matter, of all that lives. Therefore, I believe that if one man gains spiritually, the whole world gains with him and, if one man falls, the whole world falls to that extent."",
   ""tags"": ""Spirituality, Unity, Harmony""
}"
page_82.txt,"{
   ""question"": ""Is the existence of temples and idols considered a sin or superstition by the author?"",
   ""question_type"": ""objective"",
   ""score"": ""87.3"",
   ""options"": [
       ""Yes, the author considers temples and idols as sin or superstition."",
       ""No, the author does not consider temples and idols as sin or superstition if worshipped with the right attitude."",
       ""It depends on the individual's perspective."",
       ""Temples and idols are only for philosophers.""
   ],
   ""correct_answer"": ""No, the author does not consider temples and idols as sin or superstition if worshipped with the right attitude."",
   ""tags"": [""temples"", ""idols"", ""worship"", ""spirituality"", ""faith""]
}"
page_152.txt,"{
   ""question"": ""Can a person benefit from holding communications with the supernatural?"",
   ""question_type"": ""objective"",
   ""score"": 72.5,
   ""options"": [
       ""Yes, all the time"",
       ""No, never"",
       ""Maybe, it depends on the person"",
       ""No, not based on my experience""
   ],
   ""correct_answer"": ""No, not based on my experience"",
   ""tag"": [""Superstition"", ""God"", ""Experience"", ""Truth""]
}"
page_110.txt,"{
   ""question"": ""What is the limitation of Western medicine according to the author?"",
   ""question_type"": ""objective"",
   ""score"": 85.6,
   ""tag"": [""Health"", ""Medicine"", ""Vivisection"", ""NatureCure""],
   ""options"": [
       ""It ignores the immortal soul"",
       ""It has not made significant advancements"",
       ""It has not countenanced vivisection"",
       ""It has not stopped practices that are bad""
   ],
   ""correct_answer"": ""It ignores the immortal soul""
}"
page_154.txt,"{
   ""question"": ""What is the central theme of the Bhagavadgita?"",
   ""question_type"": ""objective"",
   ""score"": 82.5,
   ""options"": [
      ""It is a poem that discourses on the importance of warfare"",
      ""It is a highly philosophical poem of 700 verses that discusses eternal verities"",
      ""It is a hymn that talks about the life of Krishna"",
      ""It is a story about the kingdom of Rama""
   ],
   ""correct_answer"": ""It is a highly philosophical poem of 700 verses that discusses eternal verities"",
   ""tag"": [""Hinduism"", ""Philosophy"", ""Spirituality""]
}"
page_86.txt,"{
   ""question"":""Is tree-worship an act of superstition or an act of reverence for the divine in nature?"",
   ""question_type"":""subjective"",
   ""score"":87.32,
   ""answer"":""According to Gandhi, tree-worship is not an act of superstition but an act of reverence for the divine in nature, as it symbolizes true reverence for the vegetable kingdom and declares the greatness and glory of God."",
   ""tag"":""Hinduism, Nature, Superstition, Worship""
}"
page_116.txt,"{
   ""question"": ""Is it possible to practise Brahmacharya in thought, word and action to the fullest extent?"",
   ""question_type"": ""objective"",
   ""score"": 96.82,
   ""options"": [
      ""Yes, it is possible with complete control of the senses"",
      ""No, it is not possible due to human limitations"",
      ""It is only possible in thought, not in action"",
      ""It is only possible for certain individuals""
   ],
   ""correct_answer"": ""Yes, it is possible with complete control of the senses"",
   ""tag"": ""Brahmacharya, Self-control, Non-violence, Truth""
}"
page_104.txt,"{
   ""question"": ""What is True Art according to Gandhi?"",
   ""question_type"": ""objective"",
   ""score"": 87.52,
   ""options"": [
       ""An art that is separate from personal life"",
       ""An art that is created using expensive materials"",
       ""An art that reflects the happiness and purity of its creator"",
       ""An art that is created for the sake of entertainment alone""
   ],
   ""correct_answer"": ""3"",
   ""tags"": [""Art"", ""Truth"", ""Beauty"", ""Gandhi""]
}"
page_147.txt,"{
   ""question"": ""Does progress come without any mistakes and failures?"",
   ""question_type"": ""objective"",
   ""score"": ""97.52"",
   ""options"": [
       { ""option"": ""Yes, progress comes fully fashioned"" },
       { ""option"": ""No, progress is gained through mistakes and their rectification"" },
       { ""option"": ""Progress is predetermined by God's will"" },
       { ""option"": ""Progress is dependent on the nation's wealth"" }
   ],
   ""correct_answer"": ""No, progress is gained through mistakes and their rectification"",
   ""tags"": [""progress"", ""evolution"", ""revolution"", ""god""]
}"
page_70.txt,"{
   ""question"": ""What is the use of crossing from one compartment to another, if it does not mean a moral rise?"",
   ""question_type"": ""subjective"",
   ""score"": ""92.75"",
   ""answer"": ""There is no use in crossing from one compartment to another if it does not mean a moral rise because true conversion should lead to a higher level of morality and serving God"",
   ""tag"": ""Shuddhi, Hinduism, Conversion, Morality""
}"
page_10.txt,"{
   ""question"":""How much more should I be, when my faith is not a mere apology as it is today but has become as immovable as the Himalayas and as white and bright as the snows on their peaks?"",
   ""question_type"":""Subjective"",
   ""score"":""87.6"",
   ""answer"":""The question is subjective and refers to the author's personal spiritual growth and faith. Gandhi is emphasizing the importance of strong and unwavering faith in achieving a deeper connection with God. The answer lies in individual interpretation, but in this context, Gandhi's statement highlights his aspiration for greater spiritual growth and a stronger connection with God, implying that he would be more at peace and closer to his goal."",
   ""tag"":""Faith, Spirituality, Self-Discovery""
}"
page_11.txt,"{
   ""question"": ""Is God's existence dependent on human actions or faith?"",
   ""question_type"": ""subjective"",
   ""score"": ""87.5"",
   ""answer"": ""No, God's existence is not dependent on human actions or faith as it is stated in the text that 'we may banish the word 'God' from the Congress but one has no power to banish the thing itself.'"",
   ""tag"": ""God, Faith, Existence""
}"
page_141.txt,"{
   ""question"": ""To what purpose have civilizations come and gone with all their vaunted progress?"",
   ""question_type"": ""subjective"",
   ""score"": 85.7,
   ""answer"": ""It implies that despite the advancements in civilizations, the moral growth and understanding of the world have not shown proportional progress."",
   ""tag"": ""Civilization, Morality, Progress""
}"
page_146.txt,"{
   ""question"": ""Are the time, place and manner of death predestined by the Almighty for each individual?"",
   ""question_type"": ""objective"",
   ""score"": 81.2,
   ""options"": [
       ""Yes, one's death is predetermined"",
       ""No, one's death is not predetermined"",
       ""It is partially predetermined"",
       ""The concept of predestination is irrelevant""
   ],
   ""correct_answer"": ""Yes, one's death is predetermined"",
   ""tag"": ""Predestination""
}"
page_72.txt,"{
   ""question"": ""Is idol worship a part of human nature?"", 
   ""question_type"": ""subjective"", 
   ""score"": 95.59, 
   ""answer"": ""Yes, idol-worship is part of human nature as we hanker after symbolism and images are an aid to worship."", 
   ""tag"": [""idol-worship"", ""human-nature"", ""symbolism"", ""hinduism"", ""religion""]
}"
page_161.txt,"{
   ""question"": ""Who is the founder of Zoroastrian religion?"",
   ""question_type"": ""single-line-answer"",
   ""score"": 95.6,
   ""answer"": ""Zoroaster"",
   ""tag"": ""Zoroaster,Zoroastrian religion""
}"
page_21.txt,"{
   ""question"": ""How to realize the Truth which may be likened to the philosopher's stone or the cow of plenty?"",
   ""question_type"": ""objective"",
   ""score"": 87.92,
   ""answer"": """",
   ""tag"": [""philosophy"", ""spirituality"", ""truth""],
   ""options"": [
      ""By single-minded devotion (abhyasa) and indifference to all other interests in life (vairagya)"",
      ""By following the teachings of the Bhagavad-gita"",
      ""By sacrificing one's life for the pursuit of Truth"",
      ""By leading a self-centered life""
   ],
   ""correct_answer"": ""By single-minded devotion (abhyasa) and indifference to all other interests in life (vairagya)""
}"
page_115.txt,"{
   ""question"": ""Is it justifiable to kill animals for food or self-protection?"",
   ""question_type"": ""subjective"",
   ""score"": 87.56,
   ""answer"": ""According to the text, Gandhi believes that killing animals is not justifiable and that we should pity and protect them instead."",
   ""tag"": ""Vegetarianism, Non-violence, Animal rights""
}"
page_48.txt,"{
   ""question"": ""How can one serve God by serving his fellowmen?"",
   ""question_type"": ""subjective"",
   ""score"": 85.37,
   ""answer"": ""One can serve God by serving the suppressed and poverty-stricken, by body, soul, and mind; and by practicing selfless actions such as spinning for the poor, as these actions serve as the greatest prayer, worship, and sacrifice."",
   ""tag"": [""Service"", ""God"", ""Fellowmen"", ""Bhakti""]
}"
page_31.txt,"{
   ""question"": ""What should a humble seeker do to preserve the balance of mind?"",
   ""question_type"": ""Single-line-answer"",
   ""score"": 74.25,
   ""answer"": ""He has to reduce himself to zero before God will guide him."",
   ""tag"": ""Spirituality, Humility, Balance""
}"
page_105.txt,"{
   ""question"": ""Is there one God for the Mussulmans and another for the Hindus, Parsis, or Christians?"",
   ""question_type"": ""objective"",
   ""score"": ""57.72"",
   ""options"": [
       ""Yes, there are different Gods for different religions"",
       ""Yes, there is one God but different for Hindus, Parsis, Christians and Mussulmans"",
       ""No, there is only one omnipotent and omnipresent God"",
       ""No answer as God does not exist""
   ],
   ""correct_answer"": ""3"",
   ""tags"": [""God"", ""Religion"", ""Equality""
   ]
}"
page_125.txt,"{
   ""question"": ""Is seeking escape from the consequences of one's actions through artificial means morally justifiable?"",
   ""question_type"": ""subjective"",
   ""score"": 81.27,
   ""answer"": ""According to Gandhi, no, it is wrong and immoral to seek to escape the consequences of one's acts. Natural consequences are necessary for moral growth and restraint."",
   ""tags"": ""morality, self-control, nature, consequences""
}"
page_139.txt,"{
   ""question"": ""Can good come out of evil?"",
   ""question_type"": ""subjective"",
   ""score"": 92,
   ""answer"": ""According to man's plan, no, evil can only come out of evil. But often does good come out of evil, that is God's plan."",
   ""tag"": [""Gandhian Philosophy"", ""Morality"", ""Ethics""]
}"
page_93.txt,"{
   ""question"": ""What is the only interpretation of the scriptures that is considered true?"",
   ""question_type"": ""objective"",
   ""score"": 67.98,
   ""options"": [
       ""That which is experienced by all"",
       ""That which is written in the book"",
       ""That which conflicts with Truth"",
       ""That which is decided by the majority""
   ],
   ""correct_answer"": ""None of the given options. Answer to this would be - That interpretation is not true which conflicts with Truth"",
   ""tag"": ""Philosophy Truth Scriptures""
}"
page_153.txt,"{
   ""question"": ""What is the meaning of the word 'Abhyasa'?"",
   ""question_type"": ""objective"",
   ""score"": 91.4, 
   ""options"": [
       ""a prayer"", 
       ""a repetition; practice; study"", 
       ""a name of god"", 
       ""a saintly character""
   ],
   ""correct_answer"": ""repetition; practice; study"",
   ""tag"": ""Hindu philosophy, Sanskrit words""
}"
page_140.txt,"{
   ""question"": ""How can mankind get out of violence?"",
   ""question_type"": ""objective"",
   ""score"": 82.1,
   ""options"": [
      ""Through counter-violence"",
      ""Through non-violence"",
      ""Through hatred"",
      ""Through love and hatred""
   ],
   ""correct_answer"": ""Through non-violence"",
   ""tags"": ""Nonviolence, Truth, God, Mankind""
}"
page_159.txt,"{
   ""question"":""What is the meaning of Sat-Chit-Ananda in spirituality?"",
   ""question_type"":""Subjective"",
   ""score"":76.7,
   ""answer"":""Sat-Chit-Ananda means Truth-Knowledge-Bliss in spirituality."",
   ""tag"":""Spirituality""
}"
page_28.txt,"{
   ""question"" : ""What happens when one surrenders to the Inner Voice?"",
   ""question_type"" : ""subjective"",
   ""score"" : ""83.75"",
   ""answer"" : ""The greater the surrender to the Inner Voice, the greater is one's joy."",
   ""tag"" : [""God"", ""InnerVoice"", ""Surrender"", ""Joy""]
}"
page_62.txt,"{
   ""question"": ""What principle can be realized through a reverential approach to faiths other than one's own?"",
   ""question_type"": ""single-line-answer"",
   ""score"": 88.2,
   ""answer"": ""The principle of equality of all religions"",
   ""tag"": ""Religion Equality Faith""
}"
page_1.txt,"{
   ""question"": ""What is the central idea of the given text compilation by Mahatma Gandhi?"",
   ""question_type"": ""objective"",
   ""score"": 60.5,
   ""options"": [
       ""Science and Technology"",
       ""Non Violent Ways of Protest"",
       ""The Meaning and Concept of God"",
       ""Indian Independence""
   ],
   ""correct_answer"": ""The Meaning and Concept of God"",
   ""tag"": ""Gandhian Philosophy God""
}"
page_45.txt,"{
   ""question"":""Could the Divine Mind be changed by prayer? Could one find it out by prayer?”"",
   ""question_type"":""objective"",
   ""score"":87.5,
   ""options"":[
      ""Yes, the Divine Mind can be changed by prayer and it can be known through prayer."",
      ""No, prayer has no effect on the Divine Mind."",
      ""Prayer can evoke the Divinity within oneself, which cannot change the Divine Mind."",
      ""Prayer is a way to demand or beg from the Divine, but its effect is unknown.""
   ],
   ""correct_answer"":""Prayer can evoke the Divinity within oneself, which cannot change the Divine Mind."",
   ""tags"":[
      ""Prayer"",
      ""DivineMind"",
      ""Spirituality""
   ]
}"
page_123.txt,"{
   ""question"":""Can a man without faith in a Power infinitely higher than himself reach the highest kind of life?"",
   ""question_type"":""objective"",
   ""score"":85.6,
   ""options"":[
      ""Yes"",
      ""No"",
      ""Partially"",
      ""Depends on the man's deeds""
   ],
   ""correct_answer"":""No"",
   ""tags"":""Faith|God|Truth|Spirituality""
}"
page_151.txt,"{
   ""question"": ""Is a spirit necessarily purer because it is disembodied?"",
   ""question_type"": ""objective"",
   ""score"": 58.5,
   ""options"": [""yes"", ""no"", ""maybe"", ""cannot be determined""],
   ""correct_answer"": ""no"",
   ""tag"": ""spiritualism""
}"
page_54.txt,"{
   ""question"":""What is the most potent instrument that man possesses for overcoming cowardice and other bad habits?"",
   ""question_type"":""objective"",
   ""score"":92.10,
   ""options"":[
      ""A heartfelt prayer"",
      ""A strong will power"",
      ""A desire for wealth"",
      ""A want for power""
   ],
   ""correct_answer"":""A heartfelt prayer"",
   ""tag"":""Conquest of cowardice""
}"
page_63.txt,"{
   ""question"": ""Why should there be so many faiths?"",
   ""question_type"": ""objective"",
   ""score"": ""78.2"", 
   ""options"": [
      ""Because God is divided into many parts"",
      ""Because human beings have different bodies but a single soul"",
      ""Because all faiths are gifts of the devil"",
      ""Because humans have made faiths to cater to their own benefits""
   ],
   ""correct_answer"": ""Because human beings have different bodies but a single soul"",
   ""tag"": [""religion"", ""faith"", ""tolerance"", ""God""]
}"
page_97.txt,"{
   ""question"": ""How one can be free from the bondage of action, even while acting?"",
   ""question_type"": ""subjective"",
   ""score"": 92.5,
   ""answer"": ""One can be free from the bondage of action by renouncing its fruit, being detached, and working without desire for reward."",
   ""tag"": [""salvation"", ""renunciation"", ""detachment"", ""action"", ""selfless_work""]
}"
page_85.txt,"{
   ""question"": ""Are superstition and fanaticism monopolized by followers of a particular religion?"",
   ""question_type"": ""objective"",
   ""score"": 73.85,
   ""options"": [""Yes, by people who visit temples, churches, and mosques"", ""No, these vices have their root in human hearts and minds"", ""Only by people who frequently visit temples"", ""Only by people who visit mosques""],
   ""correct_answer"": ""No, these vices have their root in human hearts and minds"",
   ""tag"": [""faith"", ""superstition"", ""fanaticism""]
}"
page_32.txt,"{
   ""question"": ""What are the necessary qualities for a seeker after Truth?"",
   ""question_type"": ""subjective"",
   ""score"": 87.56,
   ""answer"": ""A seeker after Truth should be humbler than the dust and be prepared to sacrifice the things dearest to him in pursuit of this quest."",
   ""tag"": [""humility"", ""morality"", ""religion"", ""selflessness""]
}"
page_91.txt,"{
   ""question"": ""Is the story of a Shudra being punished by Ramachandra for daring to learn the Vedas an interpolation?"",
   ""question_type"": ""subjective"",
   ""score"": 87.51,
   ""answer"": ""According to Gandhi, yes, he rejects it as an interpolation."",
   ""tag"": [""religion"", ""scripture"", ""interpretation""]
}"
page_158.txt,"{
   ""question"": ""What does the term 'Sat' signify in Hindu philosophy?"",
   ""question_type"": ""objective"",
   ""score"": 87.5,
   ""options"": [
        ""Truth and non-existence"",
        ""Deity and falsehood"",
        ""Truth; that which exists"",
        ""Non-existent truth""
   ],
   ""correct_answer"": ""3"",
   ""tag"": ""Hinduism, philosophy""
}"
page_75.txt,"{
   ""question"":""What does Jesus mean to Gandhi?"",
   ""question_type"":""subjective"",
   ""score"":82.9,
   ""answer"":""Jesus was one of the greatest teachers humanity has ever had."",
   ""tag"":""Gandhi_Jesus_belief""
}"
page_55.txt,"{
   ""question"": ""What does God demand as the price for the only real freedom that is worth having?"",
   ""question_type"": ""objective"",
   ""score"": 87.52,
   ""options"": [
       ""Complete self-surrender"",
       ""Wealth and power"",
       ""Faith and prayer"",
       ""Knowledge and wisdom""
   ],
   ""correct_answer"": ""Complete self-surrender"",
   ""tag"": ""Spirituality, Self-discovery, God, Freedom""
}"
page_4.txt,"{
   ""question"": ""What is the quality that Gandhi believes gives him the strength to pursue the truth?"",
   ""question_type"": ""objective"",
   ""score"": 83.45,
   ""options"": [
       ""His knowledge of his own limitations"",
       ""His faith in God"",
       ""His desire for perfection"",
       ""His disregard for human suffering""
   ],
   ""correct_answer"": ""His knowledge of his own limitations"",
   ""tag"": [""Self-awareness"", ""Truth"", ""Strength"", ""Humility""]
}"
page_101.txt,"{
   ""question"": ""Where do people of true merit go after death?"",
   ""question_type"": ""single-line-answer"",
   ""score"": 92.45,
   ""answer"": ""those who have attained freedom and live according to this teaching"",
   ""tag"": ""fate, merit, afterlife""
}"
page_138.txt,"{
   ""question"": ""What is the relationship between true humility and rest in the context of serving God?"",
   ""question_type"": ""subjective"",
   ""score"": 82.6,
   ""answer"": ""According to the passage, true humility means most strenuous and constant endeavour entirely directed to the service of humanity, which means there is no more rest for us in the sense of lethargy or idleness. Instead, our very sleep is action, and this restlessness constitutes true rest."",
   ""tag"": [""Humility"", ""Service"", ""God"", ""Rest""]
}"
page_33.txt,"{
   ""question"": ""Can a human being fully realize God in their embodied life?"",
   ""question_type"": ""objective"",
   ""score"": 82.5,
   ""options"": [
       ""Yes, complete realization is possible in this embodied life."",
       ""No, complete realization is impossible in this embodied life."",
       ""It is possible but not necessary."",
       ""It depends on the individual.""
   ],
   ""correct"": ""2"",
   ""tags"": [""Spirituality"", ""Faith"", ""God"", ""Realization""]
}"
page_81.txt,"{
   ""question"":""What is the significance of Rama in M.K. Gandhi's perspective on Hindu Dharma?"",
   ""question_type"":""subjective"",
   ""score"":85,
   ""answer"":""Rama is considered the all-powerful essence and a symbol connoting one formless omnipresent God, and his name is believed to remove all suffering when inscribed in the heart."",
   ""tag"":""Hinduism, God, Spirituality, Rama""
}"
page_58.txt,"{
   ""question"" : ""Can nearly half the misery of the world disappear by practicing the virtue of silence?"",
    ""question_type"" : ""subjective"",
    ""score"" : 85.79,
    ""answer"" : ""According to Gandhi, yes, nearly half the misery of the world would disappear if we knew the virtue of silence."",
    ""tag"" : ""silence, spirituality, discipline, self-control""
}"
page_73.txt,"{
   ""question"" : ""Is Hinduism an exclusive religion?"",
   ""question_type"" : ""objective"",
   ""score"" : 87.23,
   ""options"" : [
      ""Yes"",
      ""No"",
      ""Partially"",
      ""Cannot be determined""
   ],
   ""correct_answer"" : ""No"",
   ""tag"" : ""Hinduism, Religion, Tolerance, Non-Exclusivity""
}"
page_102.txt,"{
   ""question"":""What is the true value of art in relation to the soul's realization?"",
   ""question_type"":""subjective"",
   ""score"":85.72,
   ""answer"":""The true value of art in relation to the soul's realization lies in its ability to express the inner spirit and help the soul to realize its inner self."",
   ""tag"":""Art, Soul, Realization, Truth""
}"
page_121.txt,"{
   ""question"": ""What does Brahmacharya mean according to Gandhi?"",
   ""question_type"": ""single-line-answer"",
   ""score"": 95,
   ""answer"": ""Brahmacharya means control of the senses in thought, word and deed."",
   ""tag"": ""Brahmacharya, Gandhi, Spirituality""
}"
page_108.txt,"{
   ""question"": ""What should the endeavour consist of in seeking cure through Nature Cure treatment?"",
   ""question_type"": ""objective"",
   ""score"": 92.5,
   ""options"": [
      ""Relying on the five elements of which the body is composed"",
      ""Seeking help from big hospitals and eminent doctors"",
      ""Using expensive medication and equipment"",
      ""Trying alternative treatments without considering Nature Cure""
   ],
   ""correct_answer"": ""Relying on the five elements of which the body is composed"",
   ""tag"": [""NatureCure"", ""Treatment"", ""Faith"", ""God""]
}"
page_53.txt,"{
   ""question"": ""What biblical fast can be compared to the one described in this chapter?"",
   ""question_type"": ""objective"",
   ""score"": ""45.12"",
   ""options"": [
      ""The fast of Jesus in the desert"",
      ""The fast of Moses"",
      ""The fast of Jonah in the belly of the whale"",
      ""None of these""
   ],
   ""correct_answer"": ""The fast of Jonah in the belly of the whale"",
   ""tag"": ""Biblical_Fast Comparison""
}"
page_8.txt,"{
   ""question"":""What is the nature of the power that pervades everything according to Gandhi?"",
   ""question_type"":""subjective"",
   ""score"":87.24,
   ""answer"":""An indefinable mysterious power that transcends the senses and is the underlying living power that is changeless, creating, dissolving and re-creating all."",
   ""tag"":""Philosophy, Spirituality, Existence""
}"
page_52.txt,"{
   ""question"": ""Is mortification of the flesh a necessary condition for spiritual progress?"", 
   ""question_type"": ""subjective"", 
   ""score"": 82.5, 
   ""answer"": ""Mortification of the flesh, including fasting, can be seen as a means to achieve spiritual progress by denying self and making a joyous and reckless surrender of one's desires to a higher power."", 
   ""tag"": ""Spirituality, Self-denial, Fasting""
}"
page_16.txt,"{
   ""question"":""What qualities are necessary for a person to hear and act on their Inner Voice?"",
   ""question_type"":""objective"",
   ""score"":85.6,
   ""answer"":"""",
   ""tag"":""discipline, humility, inner voice"",
   ""options"":[
      ""A vow of silence and solitude"",
      ""A vow of truth, Brahmacharya (purity), non-violence, poverty and non-possession"",
      ""A position of wealth and power"",
      ""A life of complete freedom and no responsibility""
   ],
   ""correct_answer"":""B vow of truth, Brahmacharya (purity), non-violence, poverty and non-possession""
}"
page_87.txt,"{
   ""question"":""What is the significance of tree-worship according to the author?"",
   ""question_type"":""subjective"",
   ""score"":87.54,
   ""answer"":""The author sees tree-worship as having a profound economic significance, and also believes that God manifests Himself in various forms in the universe, including trees."",
   ""tag"":""Spirituality, Nature, Tree-worship, Faith""
}"
page_119.txt,"{
   ""question"": ""What is the chief sinner that needs to be controlled according to the Ashram's observances?"",
   ""question_type"": ""objective"",
   ""score"": 85.5,
   ""options"": [
       ""The tongue"",
       ""The palate"",
       ""The hands"",
       ""The mind""
   ],
   ""correct_answer"": ""The palate"",
   ""tag"": ""Brahmacharya, self-control, Ashram""
}"
page_64.txt,"{
   ""question"": ""Must we always think alike in order to have mutual toleration?"",
   ""question_type"": ""subjective"",
   ""score"": ""92.15"",
   ""answer"": ""No, mutual toleration does not require people to think alike, rather it allows us to see truth from different angles of vision."",
   ""tag"": ""tolerance""
}"
page_68.txt,"{
   ""question"":""Is it right to adopt the customs and traditions of a new faith, even if it means hurting relatives and friends from the old faith?"",
   ""question_type"":""subjective"",
   ""score"":87.51,
   ""answer"":""No, conversion should not mean denationalization or giving up of one's ancestral practices and traditions, unless they are evil. It should be a giving up of the evil of the old, adoption of all the good of the new, and a scrupulous avoidance of everything evil in the new."",
   ""tags"":""faith, conversion, culture, tradition, identity""
}"
page_78.txt,"{
   ""question"": ""Can Hinduism and Christianity co-operate if Hindus begin to believe in one God and give up idolatry?"",
   ""question_type"": ""objective"",
   ""score"": ""86.23"",
   ""options"": [
       ""It would solve the whole difficulty"",
       ""Yes, as soon as Hindus convert to Christianity"",
       ""No, as Christians and Hindus will always have fundamental differences"",
       ""Only if Christians give up their militant or 'muscular' approach""
   ],
   ""correct_answer"": ""No, as Christians and Hindus will always have fundamental differences"",
   ""tags"": [
       ""Hinduism"",
       ""Christianity"",
       ""Monotheism"",
       ""Coexistence""
   ]
}"
page_132.txt,"{
   ""question"": ""Would it not be better for a man to give the time he spends on the worship of God to the service of the poor? And should not true service make devotional worship unnecessary for such a man ?"",
   ""question_type"": ""subjective"",
   ""score"": 87.34,
   ""answer"": ""No, working for others in the name of God and dedicating it to Him gives equal merit to any work, and worship of God is necessary to keep the remembrance of God fresh in the heart of the devotee."",
   ""tags"": ""Service, Devotion, Worship, God, Poor""
}"
