filename,extracted_result
page_112.txt,"{
   ""question"": ""Can man truly live in unity and harmony with all creatures, including snakes and other animals?"",
   ""question_type"": ""subjective"",
   ""score"": 82.15,
   ""answer"": ""According to Gandhi, Yes, man can live in unity and harmony with all creatures as they are made in the image of God and it is a unilateral obligation imposed on humans to acknowledge this kinship."",
   ""tag"": [""harmony"", ""unity"", ""nature"", ""coexistence""]
}"
page_65.txt,"{
   ""question"": ""Are Indians generally vile?"",
   ""question_type"": ""subjective"",
   ""score"": ""82.5"",
   ""answer"": ""No, Indians are seekers of truth and God, with many noble specimens of humanity among them."",
   ""tag"": [""culture"", ""religion"", ""India"", ""humanity""]
}"
page_71.txt,"{
   ""question"": ""Why does the author consider Hinduism as the most tolerant religion?"",
   ""question_type"": ""Subjective"",
   ""score"": ""87.25"",
   ""answer"": ""The author considers Hinduism as the most tolerant religion because of its freedom from dogma, giving the votary the largest scope for self-expression, and enabling its followers to respect and admire other faiths. Its worship of the cow is also seen as a practical application of the belief in the oneness and sacredness of all life."",
   ""tag"": [""tolerance"", ""religion"", ""Hinduism"", ""spirituality""]
}"
page_106.txt,"{
   ""question"": ""Why, in spite of having the remedy of contemplation on God at hand, do we know so little about it and why even those who know, do not remember Him or remember Him only by lip-service, not from the heart?"",
   ""question_type"": ""Subjective"",
   ""score"": 93.72,
   ""answer"": ""The parrot-like repetition of God's name signifies failure to recognize Him as the panacea for all ills."",
   ""tag"": [""Contemplation"", ""God"", ""Spirituality""]
}"
page_51.txt,"{
   ""question"": ""Is fasting a form of coercion or undue influence?"",
   ""question_type"": ""subjective"",
   ""score"": 87.25,
   ""answer"": ""According to the author, fasting can be both used and misused, and it is the responsibility of the people being affected by the fast to discern the intentions and goals of the fasting person."",
   ""tag"": ""Satyagraha, Fasting, Non-violence, Coercion""
}"
page_120.txt,"{
   ""question"": ""Is carrying on with worldly senses as before, compatible with the goal of achieving Brahmacharya?"",
   ""question_type"": ""subjective"",
   ""score"": 85.1,
   ""answer"": ""No, it is not compatible. A Brahmachari must gradually control his senses and adopt a simple and restrained lifestyle."",
   ""tag"": ""Brahmacharya, restraint, senses""
}"
page_117.txt,"{
   ""question"": ""Can people who are already married realize Truth?"",
   ""question_type"": ""subjective"",
   ""score"": ""89.5"",
   ""answer"": ""Yes, they can realize Truth if they can think of each other as brother and sister and work towards universal service."",
   ""tag"": ""marriage, truth, ahimsa, non-violence, family""
}"
page_89.txt,"{
   ""question"": ""Can one prove the existence of God?"",
   ""question_type"": ""objective"",
   ""score"": ""86.44"",
   ""options"": [
      ""Yes, through scientific experiments."",
      ""Yes, through reasoning and logic."",
      ""No, He defies reason."",
      ""Only through divine intervention.""
   ],
   ""correct_answer"": ""No, He defies reason."",
   ""tags"": [""existence"", ""God"", ""spirituality"", ""reason"", ""proof""]
}"
page_99.txt,"{
   ""question"": ""Why did the author of the Gita use a warlike illustration despite advocating for Ahimsa?"",
   ""question_type"": ""objective"",
   ""score"": 82.47,
   ""possible_answers"": [
       ""Because the author of the Gita did not believe in Ahimsa"",
       ""Because wars were not considered contradictory to Ahimsa at that time"",
       ""Because the author wanted to show that war is necessary for the greater good"",
       ""Because the Gita was written by multiple authors with different beliefs""
    ],
   ""correct_answer"": ""Because wars were not considered contradictory to Ahimsa at that time"",
   ""tag"": [""Ahimsa"", ""Gita"", ""War"", ""Nonviolence""]
}"
page_76.txt,"{
   ""question"": ""What common motivating force does all the religions of the world depict?"",
   ""question_type"": ""objective"",
   ""score"": ""67.92"",
   ""options"": [
       ""The desire to uplift man's life and give it purpose."",
       ""The desire to promote conflicts and give it no purpose."",
       ""The desire to uplift the gods and give it a purpose."",
       ""The desire to destroy the gods.""
   ],
   ""correct_answer"": ""The desire to uplift man's life and give it purpose."",
   ""tag"": ""religion, upliftment""
}"
page_156.txt,"{
   ""question"": ""What is the common doctrine among the major religions that the author seems to value the most based on the selection of names and the practices in this directory? "",
   ""question_type"": ""subjective"",
   ""score"": 72.58,
   ""answer"": ""Ahimsa or Non-violence"",
   ""tag"": [""non-violence"", ""morality"", ""religion""]
}"
page_50.txt,"{
   ""question"" : ""Can prayer be used for selfish motives and still be effective?"",
   ""question_type"" : ""objective"",
   ""score"" : 87.5,
   ""options"" : [
      ""Yes, prayer can be used for selfish motives and still be effective"",
      ""No, prayer cannot be used for selfish motives and still be effective"",
      ""Prayer is only effective when used for selfless motives and not for personal gain"",
      ""The effectiveness of prayer depends on the prayee, not the prayor's motive""
   ],
   ""correct"" : ""No, prayer cannot be used for selfish motives and still be effective"",
   ""tag"" : ""Spirituality""
}"
page_83.txt,"{
   ""question"": ""Can the act of worship in temples serve as a means for a person to reach the Unseen or connect with God?"",
   ""question_type"": ""subjective"",
   ""score"": 92.33,
   ""answer"": ""According to the text, yes, the act of worship in temples can serve as a means for a person to reach the Unseen or connect with God, as temples are seen as answers to man's craving to reach the Unseen."",
   ""tag"": ""Faith, Worship, Spirituality, Idolatry""
}"
page_131.txt,"{
   ""question"": ""May not men earn their bread by intellectual labour?"", 
   ""question_type"": ""objective"", 
   ""score"": ""85.5"", 
   ""options"": [
        ""Yes, with no limitations"",
        ""Yes, for their own benefit"",
        ""No, as it is meant for the soul"",
        ""Yes, sporadically""
    ],
    ""correct_answer"": ""No, as it is meant for the soul"",
    ""tags"": [""labour"", ""intellectual"", ""society""]
}"
page_22.txt,"{
   ""question"": ""Does God have the right to revise His own laws?"",
   ""question_type"": ""objective"",
   ""score"": 83.42,
   ""options"": [
      ""Yes, God can revise His own laws"",
      ""No, God has reserved no right of revision of His own laws"",
      ""God's laws are changeable over time"",
      ""God's laws change based on human actions""
   ],
   ""correct_answer"": ""No, God has reserved no right of revision of His own laws"",
   ""tag"": ""God, Nature, Laws, Revision""
}"
page_136.txt,"{
   ""question"":""What is true humility as described in the context of service to humanity?"",
   ""question_type"":""subjective"",
   ""score"":90.76,
   ""answer"":""True humility means most strenuous and constant endeavour entirely directed to the service of humanity."",
   ""tag"":""humility""
}"
page_30.txt,"{
   ""question"": ""What does one require to hear the Inner Voice?"",
   ""question_type"": ""subjective"",
   ""score"": ""92.5"",
   ""answer"": ""To hear the Inner Voice, one requires previous and definite preparation, determination, and training. It is also essential to obey the dictates of reason, and be willing to listen to the still small Voice within."",
   ""tag"": ""Self-discovery, Spirituality, Inner-Voice, Meditation""
}"
page_17.txt,"{
   ""question"": ""What is the ultimate force that binds all living things together?"",
   ""question_type"": ""objective"",
   ""score"": ""85.67"",
   ""options"": [
      ""Attraction"",
      ""Love"",
      ""Repulsion"",
      ""Destruction""
   ],
   ""correct_answer"": ""Love"",
   ""tag"": [""Love"", ""Binding_Force"", ""Nature""]
}"
page_124.txt,"{
   ""question"": ""Is marriage meant for restricting physical union only between partners for the purpose of procreation?"",
   ""question_type"": ""objective"",
   ""score"": 85.75,
   ""options"": [
       ""No, it's just for enjoyment"",
       ""Yes, it has a higher purpose"",
       ""Maybe, it depends on individual desire"",
       ""It's only for companionship""
   ],
   ""correct_answer"": 2,
   ""tag"": [""Marriage"", ""Ethics"", ""Procreation""]
}"
page_13.txt,"{
   ""question"": ""Can reason alone be enough to understand God?"",
   ""question_type"": ""subjective"",
   ""score"": 80.56,
   ""answer"": ""No, reason is powerless to know God. Faith is essential in this matter."",
   ""tag"": ""Existence, Faith, Reason, God""
}"
page_40.txt,"{
   ""question"": ""Is it possible to prepare for war and yet whole-heartedly try to free oneself from war?"",
   ""question_type"": ""objective"",
   ""score"": 87,
   ""options"": [
      ""Yes, it is possible"",
      ""No, it is not possible"",
      ""Only through self-reflection"",
      ""Only through non-violence""
   ],
   ""correct_answer"": ""Yes, it is possible"",
   ""tags"": [""war"", ""peace"", ""violence"", ""freedom""]
}"
page_23.txt,"{
   ""question"": ""What is the purpose of divine calamities in our lives according to Gandhi?"",
   ""question_type"": ""subjective"",
   ""score"": ""87.50"",
   ""answer"": ""Gandhi believed that calamities come to mankind as chastisement for their sins, but that they also obey fixed laws of nature, and that there is a divine purpose behind every physical calamity."",
   ""tag"": [""Gandhi"", ""DivineCalamities"", ""Purification"", ""SelfDiscovery""]
}"
page_69.txt,"{
   ""question"":""Is it not truly deplorable that many Christian Indians discard their own mother-tongue, bring up their children only to speak in English?"", 
   ""question_type"":""subjective"", 
   ""score"":83.23, 
   ""answer"":""Yes, it is deplorable as they completely cut themselves adrift from the nation in whose midst they have to live."", 
   ""tag"":""cultural_identification, language, identity""
}"
page_127.txt,"{
   ""question"": ""Will man be able to attain the ideal of non-possession if he relies on God for his daily bread?"",
   ""question_type"": ""subjective"",
   ""score"": 82.56,
   ""answer"": ""According to Gandhi's philosophy, only a very few rare souls can attain the ideal of non-possession, but ordinary seekers can strive for it by examining their property and reducing their wants."",
   ""tag"": ""Non-possession""
}"
page_162.txt,"{
   ""question"": ""What are the different sources of M. K. Gandhi's life experiments and writings?"",
   ""question_type"": ""objective"",
   ""score"": 95.23,
   ""options"": [
      ""A) Only The Bombay Chronicle and Ethical Religion"",
      ""B) Only An Autobiography, From Yeravda Mandir, and Hind Swaraj"",
      ""C) Various sources including An Autobiography, The Bombay Chronicle, Ethical Religion, From Yeravda Mandir, Harijan, and Hind Swaraj"",
      ""D) None of the above""
   ],
   ""correct_answer"": ""C) Various sources including An Autobiography, The Bombay Chronicle, Ethical Religion, From Yeravda Mandir, Harijan, and Hind Swaraj"",
   ""tags"": [""Gandhi"", ""Sources"", ""Literature"", ""Autobiography""]
}"
page_19.txt,"{
   ""question"": ""What is the location of God according to the author?"",
   ""question_type"": ""objective"",
   ""score"": 88.25,
   ""options"": [""Within us"", ""In the clouds"", ""In scientific language"", ""In popular language""],
   ""tag"": ""spirituality"",
   ""correct_answer"": ""Within us""
}"
page_111.txt,"{
   ""question"": ""Why should you deny it for yourselves, if thereby you show the way to others and beyond showing it, actually serve them in addition by reason of your fitness?"",
   ""question_type"": ""subjective"",
   ""score"": ""82.56"",
   ""answer"": ""You should not deny your own salvation as it allows you to serve others by setting an example and being physically and mentally fit to help them."",
   ""tag"": [""salvation"", ""selflessness"", ""spirituality"", ""service""]
}"
page_79.txt,"{
   ""question"":""What is the approach of Hindus in idol-worship?"",
   ""question_type"":""subjective"",
   ""score"":93.72,
   ""answer"":""Hindus seek to establish contact with God through a stone image."",
   ""tag"":""Idolatry,Hinduism,God""
}"
page_18.txt,"{
   ""question"": ""If love or non-violence is not the law of our being, what is likely to happen?"",
   ""question_type"": ""Objective"",
   ""score"": 87.21,
   ""options"": [""Periodical outbreaks of peace"", ""Peaceful society"", ""Periodical recrudescence of war"", ""Humans will become extinct""],
   ""correct_answer"": ""Periodical recrudescence of war"",
   ""tags"": [""Morality"", ""Non-violence"", ""War"", ""Philosophy""]
}"
page_113.txt,"{
   ""question"": ""How can a person following the path of Ahimsa rid the earth of venomous beasts and reptiles?"",
   ""question_type"": ""subjective"",
   ""score"": 84.6,
   ""answer"": ""To rid the earth of venomous beasts and reptiles, a person following the path of Ahimsa must first rid themselves of all venomous thoughts, for as they change themselves, they can change the world around them."",
   ""tag"": [""Ahimsa"", ""non-violence"", ""self-improvement""]
}"
