filename,extracted_result
page_117.txt,"{
   ""question"": ""If the married couple can think of each other as brother and sister, can they be freed for universal service?"",
   ""question_type"": ""objective"",
   ""score"": 82.45,
   ""tag"": ""Marriage, Love, Service, Spirituality"",
   ""options"": [
      ""yes"",
      ""no"",
      ""it depends on their love"",
      ""they must divorce each other""
   ],
   ""correct_answer"": ""yes""
}"
page_89.txt,"{
   ""question"": ""Can a person prove or reason out the existence of God to others?"", 
   ""question_type"": ""subjective"", 
   ""score"": 92.15, 
   ""answer"": ""No, the existence of God cannot be proved or reasoned out to others but it is experienced within oneself."", 
   ""tag"": ""spirituality God existence""
}"
page_99.txt,"{
   ""question"": ""Is it possible to follow truth and Ahimsa without the desire for fruit?"",
   ""question_type"": ""subjective"",
   ""score"": 82.5,
   ""answer"": ""When there is no desire for fruit, there is no temptation for untruth or Himsa"",
   ""tag"": ""Gandhi, Gita, Truth, Ahimsa, Desirelessness""
}"
page_76.txt,"{
   ""question"":""What is the relation between the Bhagavad Gita and the Sermon on the Mount?"",
   ""question_type"":""Subjective"",
   ""score"":85.7,
   ""answer"":""According to Gandhi, both the Bhagavad Gita and the Sermon on the Mount convey the same law of love, with the Gita reducing it to a scientific formula and the Sermon describing it in wonderful language."",
   ""tag"":""Religion, Spirituality, Philosophy, Comparative Analysis""
}"
page_156.txt,"{
   ""question"": ""Who are the saintly sons of Hazrat Ali and son-in-law of Prophet Muhammad?"",
   ""question_type"": ""objective"",
   ""score"": 84.32,
   ""answer"": ""Imam Hasan and Imam Husain"",
   ""options"": [
       ""Imam Hasan and Imam Husain"",
       ""Rishabha and Mahavira"",
       ""Janaka and Janmashtami"",
       ""Krishna and Kabir""
   ],
   ""correct_answer"": ""Imam Hasan and Imam Husain"",
   ""tag"": [""Islam"", ""History"", ""Religion"", ""Biography""]
}"
page_50.txt,"{
   ""question"": ""Can fasting and prayer be truly effective in achieving the desired goal when done without the right spirit?"",
   ""question_type"": ""subjective"",
   ""score"": ""87.62"",
   ""answer"": ""No, fasting and prayer cannot be truly effective without the right spirit behind them. They must be accompanied by readiness to receive pure thoughts and determination to resist all temptations."",
   ""tag"": [""Fasting"", ""Prayer"", ""Purity"", ""Spirituality""]
}"
page_83.txt,"{
   ""question"": ""What is the true significance of temple-going according to the author?"",
   ""question_type"": ""objective"",
   ""score"": 97.5,
   ""options"": [
      ""Temple-going is to ensure one's own salvation"",
      ""Temple-going is for the purification of the soul"",
      ""Temple-going is only to meet other devotees"",
      ""Temple-going is just a blind superstition""
   ],
   ""correct_answer"": ""Temple-going is for the purification of the soul"",
   ""tags"": [""Spirituality"", ""Faith"", ""Worship""]
}"
page_131.txt,"{
   ""question"": ""Who are the suffering and the woe-begone in society?"",
   ""question_type"": ""single-line-answer"", 
   ""score"": 92.4, 
   ""answer"": ""The suppressed and the poverty-stricken"", 
   ""tag"": [""poverty"", ""society"", ""service""]
}"
page_22.txt,"{
   ""question"": ""Is there any change or revision possible in God's laws?"",
   ""question_type"": ""objective"",
   ""score"": 98.75,
   ""options"": [
       ""Yes, God revises His laws"",
       ""No, the laws of Nature are changeless"",
       ""God reserves the right of revision"",
       ""There are some exceptions""
   ],
   ""correct_answer"": ""No, the laws of Nature are changeless"",
   ""tags"": [""God"", ""Laws"", ""Nature"", ""Changeless""]
}"
page_136.txt,"{
   ""question"": ""What is the true humility in serving humanity?"",
   ""question_type"": ""subjective"",
   ""score"": 84.25,
   ""answer"": ""True humility means most strenuous and constant endeavour entirely directed to the service of humanity."",
   ""tags"": [""humility"", ""humanity"", ""service""]
}"
page_30.txt,"{
   ""question"":""Is it necessary to prepare oneself in order to hear the Inner Voice?"",
   ""question_type"":""objective"",
   ""score"":""92.54"",
   ""options"": [
      ""Yes, it requires definite preparation"",
      ""No, it can be heard by anyone at anytime"",
      ""Only people with special abilities can hear it"",
      ""It depends on the individual's faith""
   ],
   ""correct_answer"": ""Yes, it requires definite preparation"",
   ""tag"": [""gandhi"", ""spirituality"", ""inspiration""]
}"
page_17.txt,"{
   ""question"": ""What must be extended to the universe in order to achieve a well-ordered society?"",
   ""question_type"": ""subjective"",
   ""score"": ""87.56"",
   ""answer"": ""The national law, based on mutual love and regard among individuals, must be extended to the universe to form a larger family."",
   ""tag"": ""Love, Nation, Universe""
}"
page_124.txt,"{
   ""question"": ""Is marriage just a physical union, or does it have a higher purpose?"", 
   ""question_type"": ""subjective"", 
   ""score"": 87.5, 
   ""answer"": ""According to Gandhi, marriage must be considered a sacrament that imposes discipline upon the partners, restricting them to the physical union only among themselves and for the purpose only of procreation."", 
   ""tag"": [""Marriage"", ""Morality"", ""Self-control"", ""Spirituality""]
}"
page_13.txt,"{
   ""question"": ""Is it proper to believe in the Parent of the whole creation?"",
   ""question_type"": ""objective"",
   ""score"": 65.13,
   ""options"": [
    ""Yes"",
    ""No"",
    ""It is uncertain"",
    ""It is dependent on circumstances""
   ],
   ""answer"": ""Yes"",
   ""tag"": [""Existence"", ""God"", ""Belief""]
}"
page_40.txt,"{
   ""question"": ""Is it possible to hate war and yet whole-heartedly try to free oneself and the world from war?"",
   ""question_type"": ""subjective"",
   ""score"": ""87.5"",
   ""answer"": ""According to Gandhi, yes it is possible to hate war and yet whole-heartedly try to free oneself and the world from war."",
   ""tags"": [""war"", ""freedom"", ""nonviolence""]
}"
page_23.txt,"{
   ""question"": ""Do calamities such as earthquakes come to mankind as a result of their sins or as a mere caprice of the Deity or Nature?"",
   ""question_type"": ""Subjective"",
   ""score"": ""87.3"",
   ""answer"": ""According to Gandhi, calamities come to mankind as chastisement for their sins, but they also obey fixed laws that are yet to be fully understood by humans."",
   ""tag"": [""Karma"", ""Sin"", ""Nature"", ""Calamities""]
}"
page_69.txt,"{
   ""question"":""Is it not truly deplorable that many Christian Indians discard their own mother-tongue, bring up their children only to speak in English?"",
   ""question_type"":""Subjective"",
   ""score"":""64.23"",
   ""answer"":""Yes, it is deplorable according to Gandhi's perspective, as it creates a divide between the Christians and the nation they live in."",
   ""tag"": [""culture"",""language"",""nationality""]
}"
page_127.txt,"{
   ""question"": ""Can a seeker after Truth, a follower of the Law of Love, hold anything against tomorrow?"",
   ""question_type"": ""objective"",
   ""score"": 61.4,
   ""options"": [
      ""Yes, he can hold everything for tomorrow"",
      ""No, he cannot hold anything against tomorrow"",
      ""It depends on personal circumstances"",
      ""There is no clear answer""
   ],
   ""correct_answer"": ""No, he cannot hold anything against tomorrow"",
   ""tags"": [""Truth"", ""Non-Possession"", ""Love"", ""Contentment""]
}"
page_162.txt,"{
   ""question"":""What is the main theme of 'Truth is God'?"",
   ""question_type"":""subjective"",
   ""score"":82.6,
   ""answer"":""The main theme is the concept of moral truth and its significance as per Mahatma Gandhi's perspective."",
   ""tag"":""Philosophy, Morality, Autobiography""
}"
page_19.txt,"{
   ""question"": ""How can we find the Supreme Power residing within us?"",
   ""question_type"": ""subjective"",
   ""score"": 87.56,
   ""answer"": ""We can find the Supreme Power if we make diligent search with the fixed determination to find Him through the way of Ahimsa and love."",
   ""tag"": ""God, Ahimsa, love, self-discovery""
}"
page_111.txt,"{
   ""question"": ""Why should you deny salvation for yourselves, if thereby you show the way to others and beyond showing it, actually serve them in addition by reason of your fitness?"",
   ""question_type"": ""subjective"",
   ""score"": 82.15,
   ""answer"": ""According to Gandhi, it is because denying salvation for oneself would hinder the ability to serve others and show them the way."",
   ""tag"": [""salvation"", ""fitness"", ""service"", ""self-denial""]
}"
page_79.txt,"{
   ""question"": ""Is it idolatry to venerate images, relics, or symbols of sacred figures in a faith?"",
   ""question_type"": ""subjective"",
   ""score"": 87.42,
   ""answer"": ""According to Gandhi, idolatry is not mere veneration, but only when worship is given to something lesser than God. He believes that the ultimate goal of such veneration is to establish contact with God, and the medium used is secondary."",
   ""tags"": [""idolatry"", ""worship"", ""faith"", ""symbols"", ""veneration""]
}"
page_18.txt,"{
   ""question"": ""What would happen if love or non-violence is not the law of our being?"",
   ""question_type"": ""objective"",
   ""score"": 85.45,
   ""options"": [
       ""Life would persist normally"",
       ""There would be a periodical increase in ferocity of war"",
       ""Life and death would be balanced"",
       ""There would be no effect on human life""
   ],
   ""correct_answer"": ""There would be a periodical increase in ferocity of war"",
   ""tag"": [""love"", ""non-violence"", ""human nature""]
}"
page_113.txt,"{
   ""question"": ""If I want to rid the earth of venomous beasts and reptiles, what must I do to myself first?"",
   ""question_type"": ""objective"",
   ""score"": 84.2,
   ""options"": [
      ""Seek to kill the so-called venomous beasts and reptiles"",
      ""Pray for ultimate deliverance from the bondage of the flesh"",
      ""Rid myself of all venomous thoughts"",
      ""Continue life in the body as usual""
   ],
   ""correct_answer"": 3,
   ""tags"": [""Non-violence"", ""Self-improvement"", ""Animal-welfare"", ""Morality""]
}"
page_130.txt,"{
   ""question"": ""What happens if all people laboured for their bread and no more?"",
   ""question_type"": ""Objective"",
   ""score"": 85.28,
   ""options"": [
     ""There would be no cry of over-population and no disease."",
     ""There would be more rich and poor people, high and low, touchable and untouchable."",
     ""There would be a lack of food and more misery."",
     ""The world would remain the same.""
   ],
   ""correct_answer"": ""There would be no cry of over-population and no disease."",
   ""tag"": [""labour"", ""society"", ""benefits""]
}"
page_12.txt,"{
   ""question"": ""How can the concept of Anekantavada be applied in understanding different perspectives of reality?"",
   ""question_type"": ""subjective"",
   ""score"": 92.5,
   ""answer"": ""The concept of Anekantavada can be applied in understanding different perspectives of reality by recognizing that multiple viewpoints can coexist and be true from their respective points of view, allowing for the acceptance and love of others despite their differences."",
   ""tag"": ""Anekantavada, Perspectivism, Reality, Tolerance""
}"
page_122.txt,"{
   ""question"": ""How can one achieve complete mastery over thought in the pursuit of Brahmacharya?"",
   ""question_type"": ""subjective"",
   ""score"": 87.2,
   ""answer"": ""Complete mastery over thought is impossible without an unreserved surrender to God's grace. One has to find their own key to lock out undesirable thoughts and seek perfection through the use of Mantras such as Rama-nama, which are hallowed by austerities and charged with purity."",
   ""tags"": [""Brahmacharya"", ""Mastery"", ""Thought"", ""God"", ""Grace""]
}"
page_74.txt,"{
   ""question"": ""What did Buddha mean by the term Nirvana?"",
   ""question_type"": ""objective"",
   ""score"": 98.4,
   ""options"": [
       ""A complete extinction of human existence"",
       ""A state of utter extinction of all that is base, vicious and corrupt in an individual"",
       ""A religious ritual to please God"",
       ""A theory that disbelieves in God""
   ],
   ""correct_answer"": ""B"",
   ""tag"": [""Nirvana"", ""Buddhism"", ""Buddha""]
}"
page_77.txt,"{
   ""question"": ""What is Islam's distinctive contribution to India's national culture?"",
   ""question_type"": ""objective"",
   ""score"": 87.5,
   ""options"": [
       ""The philosophy of ahimsa (non-violence)"",
       ""The practice of worshipping multiple deities"",
       ""The oneness of God and the practical application of the truth of the brotherhood of man"",
       ""The caste system and social hierarchy""
   ],
   ""correct_answer"": ""The oneness of God and the practical application of the truth of the brotherhood of man"",
   ""tags"": ""Islam, India, Culture, Oneness, Brotherhood, Hinduism""
}"
page_26.txt,"{
   ""question"": ""How can we appeal to the starving millions?"",
   ""question_type"": ""objective"",
   ""score"": 92.58,
   ""options"": [
       ""By taking the name of God in vain"",
       ""By talking about modern progress"",
       ""By taking food to them"",
       ""By giving them money""
   ],
   ""correct_answer"": ""By taking food to them"",
   ""tag"": [""poverty"", ""appeal"", ""starving-millions"", ""food"", ""spirituality""]
}"
page_29.txt,"{
   ""question"":""Can one be convinced that a voice, which claims to be of God, is truly the Voice of God and not an echo of one's own imagination?"",
   ""question_type"":""subjective"",
   ""score"":82.5,
   ""answer"":""For me, not the unanimous verdict of the whole world against me could shake me from the belief that what I heard was the true Voice of God."",
   ""tag"":""Belief, Faith, Intuition, Sanity""
}"
page_90.txt,"{
   ""question"": ""Can truth be found in scriptures or is it present within oneself?"",
   ""question_type"": ""subjective"",
   ""score"": 92.5,
   ""answer"": ""According to Gandhiji, the seat of authority lies within oneself and divine knowledge is not borrowed from books, but has to be realized in oneself."",
   ""tags"": ""Spirituality, Scripture, Reason, Faith, Truth""
}"
page_129.txt,"{
   ""question"":""Is the ability to refuse possessions or facilities that are denied to millions something that can be cultivated instantaneously?"",
   ""question_type"":""objective"",
   ""score"":97.45,
   ""options"": [
       ""Yes, it can be cultivated instantaneously"",
       ""No, it requires a gradual change in mentality"",
       ""It can be cultivated through renunciation"",
       ""It can be cultivated through immense influence over others""
   ],
   ""correct_answer"": ""No, it requires a gradual change in mentality"",
   ""tag"": ""Renunciation, Possessions, Simplicity, Selflessness""
}"
page_149.txt,"{
   ""question"": ""What is the true source of rights?"",
   ""question_type"": ""single-line-answer"",
   ""score"": ""98.52"",
   ""answer"": ""The true source of rights is duty."",
   ""tag"": ""duty, rights, morality""
}"
page_114.txt,"{
   ""question"":""Can a person attain complete non-violence, even by trying to minimize harm to any living being in daily life?"",
   ""question_type"":""subjective"",
   ""score"":86.56,
   ""answer"":""No, it's challenging to be completely non-violent, as one's body and physical needs may inherently cause harm to other living beings; however, a person may strive to minimize harm and understand the implications of non-violence."",
   ""tag"":""Ahimsa, Non-Violence, Self-Reflection, Personal Growth""
}"
page_142.txt,"{
   ""question"": ""Can permanent peace be obtained if even one nation were unconditionally to perform the supreme act of renunciation?"",
   ""question_type"": ""objective"",
   ""score"": 92.45,
   ""options"": [""Yes"", ""No"", ""Maybe"", ""Partially""],
   ""correct_answer"": ""Yes"",
   ""tag"": [""Peace"", ""Renunciation"", ""Mankind"", ""Godliness""]
}"
page_94.txt,"{
   ""question"": ""Is the Mahabharata a historical work in the accepted sense?"",
   ""question_type"": ""objective"",
   ""score"": 92.5,
   ""options"": [
      ""Yes, it is a historical work."",
      ""No, it is not a historical work in the accepted sense."",
      ""It describes the internal duel of mankind."",
      ""It is a story of physical warfare.""
   ],
   ""correct_answer"": ""No, it is not a historical work in the accepted sense."",
   ""tag"": ""Mahabharata, History, Religion""
}"
page_92.txt,"{
   ""question"" : ""How will someone steeped in sin use the grand truth 'I am Brahman'?"",
   ""question_type"" : ""subjective"",
   ""score"" : 87.56,
   ""answer"" : ""To ignoble purposes and it would suffer distortion at his hands."",
   ""tag"" : [""Spirituality"", ""Scriptures"", ""Vedas"", ""Interpretation"", ""Truth""]
}"
page_24.txt,"{
   ""question"": ""Can God be responsible for the evil in this world?"",
   ""question_type"": ""objective"",
   ""score"": ""84.61"",
   ""answer"": """",
   ""tag"": ""Philosophy, Spirituality, Ethics"",
   ""options"": [
       ""Yes, God permits both good and evil"",
       ""No, God is only responsible for the good"",
       ""Maybe, God's intentions are unclear"",
       ""God does not exist""
   ],
   ""correct_answer"": ""Yes, God permits both good and evil""
}"
page_20.txt,"{
   ""question"": ""How can we understand the word Satya or Truth in a much wider sense?"",
   ""question_type"": ""objective"",
   ""score"": 92,
   ""options"": [
      ""By only speaking the truth"",
      ""By understanding the law of Truth in a much wider sense"",
      ""By having an instinctive obedience to the principles of life"",
      ""By only applying the test of Truth to some of our actions""
   ],
   ""correct_answer"": ""By understanding the law of Truth in a much wider sense"",
   ""tag"": ""Satya, Truth, Philosophy""
}"
page_150.txt,"{
   ""question"": ""Can sin be considered as uncleanness before our Maker and can we eliminate it by speaking our thoughts openly?"",
   ""question_type"": ""Subjective"",
   ""score"": 87.99,
   ""answer"": ""According to Gandhi's teachings, sin can be eliminated by being open and honest with our thoughts and actions. If we consider our thoughts to be unclean, we must not think them, and if we think them, we must not hide them, thus eliminating the need for secrecy and sinning."",
   ""tags"": ""Sin, Secrecy, Redemption, Honesty""
 }"
page_148.txt,"{
   ""question"":""Is it worth to let the State aid any religion?"",
   ""question_type"":""subjective"",
   ""score"":78.2,
   ""answer"":""No, a society or group, which depends partly or wholly on State aid for the existence of its religion, does not deserve or, better still, does not have any religion worth the name."",
   ""tag"":""religion""
}"
page_95.txt,"{
   ""question"": ""How can one be free from action, i.e. from the taint of sin?"",
   ""question_type"": ""objective"",
   ""score"": 86.8,
   ""options"": {
      ""A"": ""To ignore the body and not participate in any action."",
      ""B"": ""To renounce the fruits of action and consider the body as the temple of God."",
      ""C"": ""To perform actions for the satisfaction of desires."",
      ""D"": ""To pray to the gods for freedom from actions.""
   },
   ""answer"": ""B"",
   ""tag"": [""Free"", ""Spiritual"", ""Gita"", ""Hinduism""]
}"
page_67.txt,"{
   ""question"": ""What is wanted in the context of different religions of the world?"",
   ""question_type"": ""Single-line"",
   ""score"": 92.5,
   ""answer"": ""What is wanted therefore is living friendly contact among the followers of the great religions of the world and not a clash among them in the fruitless attempt on the part of each community to show the superiority of its faith over"",
   ""tag"": [""Religion"", ""Conversion"", ""Faith"", ""India""]
}"
page_34.txt,"{
   ""question"": ""Can we find God apart from humanity?"",
   ""question_type"": ""subjective"",
   ""score"": 92.32,
   ""answer"": ""No, because God is omnipresent and can only be found by serving and being one with all of humanity."",
   ""tag"": ""Philosophy Spirituality Ahimsa God Humanity""
}"
page_15.txt,"{
   ""question"": ""What then is Truth?"",
   ""question_type"": ""subjective"",
   ""score"": 82.5,
   ""answer"": ""It is what the voice within tells you."",
   ""tag"": ""Philosophy Truth God Love""
}"
page_37.txt,"{
   ""question"": ""What is the relationship between non-violence and Godhead?"",
   ""question_type"": ""objective"",
   ""score"": ""87.53"",
   ""options"": [
      ""Non-violence is a part of Godhead but it's not necessary for self realization"",
      ""Non-violence is completely unrelated to Godhead"",
      ""We become Godlike to the extent we realize non-violence, but we can never become wholly God"",
      ""There is no common ground between non-violence and Godhead""
   ],
   ""correct_answer"": ""We become Godlike to the extent we realize non-violence, but we can never become wholly God"",
   ""tags"": [""non-violence"", ""godhead"", ""gandhi"", ""truth"", ""Ahimsa""]
}"
page_96.txt,"{
   ""question"":""Does devotion in the context of the Gita imply mere intellectual knowledge or external practices?"",
   ""question_type"":""objective"",
   ""score"":85,
   ""tag"":""devotion, self-realization, spiritual knowledge, Gita"",
   ""options"":[
      ""Devotion in the Gita implies mere intellectual knowledge."",
      ""Devotion in the Gita involves only external practices."",
      ""Devotion in the Gita has the least to do with externals."",
      ""Devotion in the Gita is unconnected to self-realization.""
   ],
   ""correct_answer"":""3. Devotion in the Gita has the least to do with externals.""
}"
