filename,extracted_result
page_103.txt,"{
   ""question"": ""What is the connection between truth and beauty as stated by MK Gandhi?"",
   ""question_type"": ""subjective"",
   ""score"": 67.89,
   ""answer"": ""According to Gandhi, when one strives for truth, beauty and goodness naturally follow. He believed that truthful creations, such as the beauty of a sunset or the crescent moon, make him think of the Creator and ultimately lead to worship and the expansion of one's soul."",
   ""tag"": [""Truth"", ""Beauty"", ""Gandhi"", ""Spirituality""]
}"
page_47.txt,"{
   ""question"": ""How is the heart to be cleansed to have faith and to pray to God effectively?"",
   ""question_type"": ""subjective"",
   ""score"": 87.5,
   ""answer"": ""According to the text, the language of the heart is not something that can be easily taught, but rather it is something that only the bhakta – the true devotee – knows and can teach."",
   ""tag"": ""spirituality""
}"
page_44.txt,"{
   ""question"": ""Why pray at all? Does not God, if there be One, know what has happened?"",
   ""question_type"": ""subjective"",
   ""score"": ""82.5"",
   ""answer"": ""We pray as a heart search, a reminder to ourselves that we are helpless without God's support."",
   ""tag"": [""prayer"", ""God"", ""spirituality"", ""self-purification""]
}"
page_59.txt,"{
   ""question"": ""What is the significance of silence in a seeker's quest for truth?"",
   ""question_type"": ""objective"",
   ""score"": 92.3,
   ""options"": [
       ""A) It leads to absolute domination over the senses"",
       ""B) It provides a platform for clear thinking and contemplation"",
       ""C) It has no value in a seeker's life"",
       ""D) It only serves to relieve pressure""
   ],
   ""correct_answer"": ""B) It provides a platform for clear thinking and contemplation"",
   ""tags"": [""silence"", ""spirituality"", ""self-reflection"", ""contemplation""]
}"
page_88.txt,"{
   ""question"": ""Is faith the same as reason?"",
   ""question_type"": ""objective"",
   ""score"": ""87.56"",
   ""options"": [
      ""Yes, they are the same"",
      ""No, faith transcends reason"",
      ""Faith and reason are mutually exclusive"",
      ""Faith is a subset of reason""
   ],
   ""correct_answer"": ""No, faith transcends reason"",
   ""tag"": [""faith"", ""reason"", ""spirituality"", ""philosophy""]
}"
page_6.txt,"{
   ""question"": ""What, according to Gandhi, is the path to salvation?"",
   ""question_type"": ""single-line-answer"",
   ""score"": 92.5,
   ""answer"": ""incessant toil in the service of one’s country and of humanity"",
   ""tag"": ""Salvation, Humanity, Service""
}"
page_61.txt,"{
   ""question"":""Why should a Christian want to convert a Hindu to Christianity and vice versa?"",
   ""question_type"":""subjective"",
   ""score"":97.3,
   ""answer"":""According to Gandhi, there's room enough in one religion for the values and principles of others, and it's not necessary for one to convert to another, as long as they are good or godly men."",
   ""tag"":""[tolerance, spirituality, coexistence, secularism, conversion]""
}"
page_46.txt,"{
   ""question"": ""What about the people who cannot pray?"",
   ""question_type"": ""subjective"",
   ""score"": 85.7,
   ""answer"": ""One has to be humble and recognize that there is something infinitely higher than intellect that rules us. A true religious experience which is stronger than intellectual conception can provide satisfaction and comfort."",
   ""tags"": [""Prayer"", ""Humility"", ""Spirituality"", ""Faith""]
}"
page_7.txt,"{
   ""question"": ""Can truth and non-violence be applied to daily life and problems?"",
   ""question_type"": ""subjective"",
   ""score"": ""87.5"",
   ""answer"": ""Yes, truth and non-violence can be applied to our daily life and problems, as Gandhi has tried in his own way to apply the eternal truths to our daily life and problems."",
   ""tags"": ""Truth, Non-Violence, Gandhi, Life, Problems""
}"
page_66.txt,"{
   ""question"": ""What attitude should the missionaries adopt when approaching the people of India?"",
   ""question_type"": ""single-line-question"",
   ""score"": 87.2,
   ""answer"": ""Open-heartedness and humility"",
   ""tag"": [""missionaries"", ""India"", ""Christianity"", ""humility""]
}"
page_98.txt,"{
   ""question"": ""Is renunciation of fruit equivalent to want of fruit for the renouncer?"",
   ""question_type"": ""objective"",
   ""score"": 92,
   ""options"": [
        ""yes, renunciation is equivalent to want of fruit"",
        ""no, renunciation means absence of hankering after fruit"",
        ""renunciation depends on individual perspective"",
        ""the concept is not clear in the Gita""
   ],
   ""correct_answer"": ""no, renunciation means absence of hankering after fruit"",
   ""tags"": ""renunciation, fruit, gita, hinduism, spirituality""
}"
page_126.txt,"{
   ""question"":""Is avoiding the consequences of one's own actions a greater sin than bringing forth unwanted children?"",
   ""question_type"":""subjective"",
   ""score"":85.67,
   ""answer"":""According to Gandhi, yes, it is a greater sin to avoid the consequences of one's own action as it unmans man."",
   ""tags"":""Morality, Consequences, Sin, Virtue""
}"
page_2.txt,"{
   ""question"": ""What is the requirement for a normal, healthy life – for the individual as well as for nations?"",
   ""question_type"": ""objective"",
   ""score"": ""92.15"",
   ""tag"": [""Life"", ""Individual"", ""Nations"", ""Religion"", ""God"", ""Health""],
   ""options"": [
       ""Money"",
       ""Education"",
       ""God and Religion"",
       ""Power""
   ],
   ""correct_answer"": ""God and Religion""
}"
page_42.txt,"{
   ""question"": ""What is the value of prayer for man in this world of the living?"",
   ""question_type"": ""subjective"",
   ""score"": 87.5,
   ""answer"": ""Prayer is the only means of bringing about orderliness and peace and repose in our daily acts."",
   ""tag"": [""Prayer"", ""Spirituality"", ""Gandhi""]
}"
page_157.txt,"{
   ""question"": ""What is the meaning of Om Paramatma in Hinduism?"",
   ""question_type"": ""single-line"",
   ""score"": ""98.5"",
   ""answer"": ""The Supreme Self or God"",
   ""tags"": ""Hinduism, Spirituality, Om Paramatma""
}"
page_5.txt,"{
   ""question"": ""What is required to see the universal spirit of Truth face to face?"",
   ""question_type"": ""subjective"",
   ""score"": 67.85,
   ""answer"": ""To see the universal spirit of Truth face to face one must be able to love the meanest of creation as oneself."",
   ""tag"": [""Truth"", ""Love"", ""Spirituality""]
}"
page_38.txt,"{
   ""question"": ""What is the ultimate test of non-violence (Ahimsa) in an individual?"",
   ""question_type"": ""subjective"",
   ""score"": 87.92,
   ""answer"": ""The ultimate test of non-violence (Ahimsa) in an individual is when their virtues of mercy, non-violence, love and truth are pitted against ruthlessness, violence, hate and untruth."",
   ""tag"": [""non-violence"", ""spiritual"", ""morality""]
}"
page_84.txt,"{
   ""question"": ""Is it possible for faith to exist without a physical habitation?"",
   ""question_type"": ""objective"",
   ""score"": 87.3,
   ""options"": [
       ""Yes, faith can exist without a physical habitation"",
       ""No, faith requires a physical habitation"",
       ""Maybe, it depends on the individual's perspective"",
       ""It's not certain, but it's possible in some cases""
   ],
   ""correct_answer"": ""No, faith requires a physical habitation"",
   ""tag"": [""faith"", ""habitation"", ""spirituality""]
}"
page_109.txt,"{
   ""question"": ""Why a man who recites Ramanama regularly and leads a pure life should ever fall ill?"",
   ""question_type"": ""objective"",
   ""score"": ""98.8"",
   ""options"": [
      ""Because he has not realized God yet"",
      ""Due to his accidental transgression of limits"",
      ""Since disease is inherent in nature"",
      ""Because Ramanama has limitations""
   ],
   ""correct_answer"": ""Due to his accidental transgression of limits"",
   ""tags"": [""Spirituality"", ""Ramanama"", ""Health"", ""Purity"", ""Nature""]
}"
page_25.txt,"{
   ""question"": ""Do you feel a sense of freedom in your communion with God?"",
   ""question_type"": ""subjective"",
   ""score"": 87.3,
   ""answer"": ""I do. I do not feel cramped as I would on a boat full of passengers. Although I know that my freedom is less than that of a passenger, I appreciate that freedom as I have imbibed through and through the central teaching of the Gita that man is the maker of his own destiny in the sense that he has freedom of choice as to the manner in which he uses that freedom."",
   ""tag"": ""freedom, God, self-control, spiritual""
}"
page_27.txt,"{
   ""question"": ""What is the condition of millions of people in India and what is our responsibility towards them?"",
   ""question_type"": ""objective"",
   ""score"": 87,
   ""tag"": ""poverty, responsibility, India"",
   ""options"": [
       ""They are well off and we don't have any responsibility towards them"",
       ""They have to be satisfied with one meal a day and we have a responsibility to ensure they are fed and clothed"",
       ""They are all thieves and we don't have any responsibility towards them"",
       ""They are happy with what they have and we don't need to do anything for them""
   ],
   ""correct_answer"": ""They have to be satisfied with one meal a day and we have a responsibility to ensure they are fed and clothed""
}"
page_155.txt,"{
   ""question"": ""What was the name of the sacred river of northern India mentioned alongside other Indian concepts and figures?"",
   ""question_type"": ""objective"",
   ""score"": 87.23,
   ""options"": [
       ""Yamuna"",
       ""Saraswati"",
       ""Ganga"",
       ""Brahmaputra""
   ],
   ""correct_answer"": ""Ganga"",
   ""tag"": ""hinduism"",
   ""tags_are_relevant"": true
}"
page_137.txt,"{
   ""question"": ""Can an individual gain spiritually if those surrounding him suffer?"",
   ""question_type"": ""subjective"",
   ""score"": 87.32,
   ""answer"": ""No, I do not believe that an individual may gain spiritually and those whose surround him suffer. I believe in Advaita. I believe in the essential unity of man and, for that matter, of all that lives."",
   ""tag"": ""Spirituality, Unity""
}"
page_143.txt,"{
   ""question"": ""What happens if the world's best minds have not imbibed the spirit of non-violence?"",
   ""question_type"": ""subjective"",
   ""score"": ""86.37"",
   ""answer"": ""But that would only show that we have not gone far beyond the law of the jungle, that we have not yet learnt to appreciate the heritage that God has given us"",
   ""tag"": ""non-violence, sociology, philosophy""
}"
page_134.txt,"{
   ""question"": ""How can we best cultivate the habit of selfless service?"",
   ""question_type"": ""subjective"",
   ""score"": 85.7,
   ""answer"": ""By devoting ourselves to service with a clear conscience, recognizing the conditions of our birth, and renouncing self-interest, allowing our desire for service to grow stronger and making not only for our own happiness but that of the world at large."",
   ""tags"": [""selfless service"", ""purity"", ""renunciation"", ""faith""]
}"
page_60.txt,"{
   ""question"": ""Can a human being become perfect even as God is perfect?"", 
   ""question_type"": ""subjective"", 
   ""score"": 97,
   ""answer"": ""Yes, it is possible for every human being to become perfect even as God is perfect. It is necessary for us all to aspire after perfection, but when that blessed state is attained, it becomes indescribable; indefinable."",
   ""tag"": [""Perfection"", ""God"", ""Faith"", ""Religion"", ""Humanity""]
}"
page_35.txt,"{
   ""question"":""What happens when one's faith in God fails?"",
   ""question_type"":""subjective"",
   ""score"":92.56,
   ""answer"":""According to Gandhi, when one's faith in God fails, God comes to their assistance and helps them to regain their faith, but on His terms, not on their terms."",
   ""tag"":""faith""
}"
page_41.txt,"{
   ""question"": ""What is the ultimate result of prayer, whether it is petitional or an inward communion? "",
   ""question_type"": ""subjective"",
   ""score"": 92.5, 
   ""answer"": ""The ultimate result of prayer, whether it is petitional or an inward communion, is the cleansing and purification of the soul, freeing it from the layers of ignorance and darkness that envelop it and leading to the awakening of the divine in the individual."",
   ""tag"": [""religion"", ""prayer"", ""spirituality"", ""soul""]
}"
page_80.txt,"{
   ""question"": ""Why do you circumscribe the power of God?"",
   ""question_type"": ""subjective"",
   ""score"": ""83.2"",
   ""answer"": ""The idea of circumscribing the power of God is a mindset where one limits or restricts God's abilities to a specific aspect or book, as seen in the example where God is believed to have expressed the will only in the Bible. This mindset likely stems from a limited understanding or narrow perspective of the true extent of God's capabilities."",
   ""tag"": [""God"", ""Power"", ""Limitation""]
}"
page_9.txt,"{
   ""question"": ""What is the nature of God's power?"",
   ""question_type"": ""single-line answer"",
   ""score"": ""87.21"",
   ""answer"": ""purely benevolent"",
   ""tag"": [""God"", ""Power"", ""Benevolence""]
}"
page_144.txt,"{
   ""question"": ""Why should we be upset when children or young men or old men die?"",
   ""question_type"": ""subjective"",
   ""score"": 83.52,
   ""answer"": ""According to the text, we should not be upset because souls never die and creation and destruction are perpetual processes, and every birth and death should not be a reason to give ourselves up to joy or sorrow."",
   ""tag"": [""death"", ""soul"", ""immortality"", ""hinduism""]
}"
page_43.txt,"{
   ""question"":""Who is so corrupt, wicked and lustful as I !"",
   ""question_type"":""subjective"",
   ""score"":""87.5"",
   ""answer"":""The author is hinting at self-reflection and acknowledging personal flaws. This rhetorical question is an expression of humility and a desire for self-improvement."",
   ""tags"":""self-reflection, humility, discipline""
}"
page_145.txt,"{
   ""question"": ""Why should my family be dependent on life insurance when the families of the numberless poor in the world are not?"",
   ""question_type"": ""subjective"",
   ""score"": 87.5,
   ""answer"": ""Gandhi believes that his family should not be dependent on life insurance as it implies fear and want of faith in God, and that God is the real protector."",
   ""tag"": ""Self-reliance, Faith, God""
}"
page_128.txt,"{
   ""question"":""What is true knowledge according to the 13th Chapter of the Gita?"",
   ""question_type"":""single-line answer"",
   ""score"":87.5,
   ""answer"":""Humility etc., constitute knowledge, and all the rest is ignorance."",
   ""tag"":""Spirituality, Knowledge, Truth""
}"
page_39.txt,"{
   ""question"":""Is it possible for a votary of Ahimsa to be wholly free from outward Himsa?"",
   ""question_type"":""subjective"",
   ""score"":92.5,
   ""answer"":""No, a votary of Ahimsa can never be wholly free from outward Himsa as long as he continues to be a social being and participate in the very existence of society."",
   ""tags"":""Ahimsa, Non-violence, Himsa, Society, Unity""
}"
page_100.txt,"{
   ""question"": ""Can desire for fruit be consistent with renunciation of fruit in the Gita?"",
   ""question_type"": ""objective"",
   ""score"": ""87.32"",
   ""answer"": """",
   ""tag"": ""Gita, renunciation, desire, fruit"",
   ""options"": [
       ""Yes, desire for fruit is consistent with renunciation of fruit"",
       ""No, desire for fruit is not consistent with renunciation of fruit"",
       ""Desire for fruit is permissible for some but not for others"",
       ""Desire for fruit depends on the circumstances and the individual""
   ],
   ""correct_answer"": ""No, desire for fruit is not consistent with renunciation of fruit""
}"
page_135.txt,"{
   ""question"": ""Can the spiritual gain of one individual harm others?"",
   ""question_type"": ""subjective"",
   ""score"": 87.56,
   ""answer"": ""No, I believe in the essential unity of man and, for that matter, of all that lives. Therefore, I believe that if one man gains spiritually, the whole world gains with him and, if one man falls, the whole world falls to that extent."",
   ""tags"": ""Spirituality, Unity, Harmony""
}"
page_82.txt,"{
   ""question"": ""Is the existence of temples and idols considered a sin or superstition by the author?"",
   ""question_type"": ""objective"",
   ""score"": ""87.3"",
   ""options"": [
       ""Yes, the author considers temples and idols as sin or superstition."",
       ""No, the author does not consider temples and idols as sin or superstition if worshipped with the right attitude."",
       ""It depends on the individual's perspective."",
       ""Temples and idols are only for philosophers.""
   ],
   ""correct_answer"": ""No, the author does not consider temples and idols as sin or superstition if worshipped with the right attitude."",
   ""tags"": [""temples"", ""idols"", ""worship"", ""spirituality"", ""faith""]
}"
page_152.txt,"{
   ""question"": ""Can a person benefit from holding communications with the supernatural?"",
   ""question_type"": ""objective"",
   ""score"": 72.5,
   ""options"": [
       ""Yes, all the time"",
       ""No, never"",
       ""Maybe, it depends on the person"",
       ""No, not based on my experience""
   ],
   ""correct_answer"": ""No, not based on my experience"",
   ""tag"": [""Superstition"", ""God"", ""Experience"", ""Truth""]
}"
page_110.txt,"{
   ""question"": ""What is the limitation of Western medicine according to the author?"",
   ""question_type"": ""objective"",
   ""score"": 85.6,
   ""tag"": [""Health"", ""Medicine"", ""Vivisection"", ""NatureCure""],
   ""options"": [
       ""It ignores the immortal soul"",
       ""It has not made significant advancements"",
       ""It has not countenanced vivisection"",
       ""It has not stopped practices that are bad""
   ],
   ""correct_answer"": ""It ignores the immortal soul""
}"
page_154.txt,"{
   ""question"": ""What is the central theme of the Bhagavadgita?"",
   ""question_type"": ""objective"",
   ""score"": 82.5,
   ""options"": [
      ""It is a poem that discourses on the importance of warfare"",
      ""It is a highly philosophical poem of 700 verses that discusses eternal verities"",
      ""It is a hymn that talks about the life of Krishna"",
      ""It is a story about the kingdom of Rama""
   ],
   ""correct_answer"": ""It is a highly philosophical poem of 700 verses that discusses eternal verities"",
   ""tag"": [""Hinduism"", ""Philosophy"", ""Spirituality""]
}"
page_86.txt,"{
   ""question"":""Is tree-worship an act of superstition or an act of reverence for the divine in nature?"",
   ""question_type"":""subjective"",
   ""score"":87.32,
   ""answer"":""According to Gandhi, tree-worship is not an act of superstition but an act of reverence for the divine in nature, as it symbolizes true reverence for the vegetable kingdom and declares the greatness and glory of God."",
   ""tag"":""Hinduism, Nature, Superstition, Worship""
}"
page_116.txt,"{
   ""question"": ""Is it possible to practise Brahmacharya in thought, word and action to the fullest extent?"",
   ""question_type"": ""objective"",
   ""score"": 96.82,
   ""options"": [
      ""Yes, it is possible with complete control of the senses"",
      ""No, it is not possible due to human limitations"",
      ""It is only possible in thought, not in action"",
      ""It is only possible for certain individuals""
   ],
   ""correct_answer"": ""Yes, it is possible with complete control of the senses"",
   ""tag"": ""Brahmacharya, Self-control, Non-violence, Truth""
}"
page_104.txt,"{
   ""question"": ""What is True Art according to Gandhi?"",
   ""question_type"": ""objective"",
   ""score"": 87.52,
   ""options"": [
       ""An art that is separate from personal life"",
       ""An art that is created using expensive materials"",
       ""An art that reflects the happiness and purity of its creator"",
       ""An art that is created for the sake of entertainment alone""
   ],
   ""correct_answer"": ""3"",
   ""tags"": [""Art"", ""Truth"", ""Beauty"", ""Gandhi""]
}"
page_147.txt,"{
   ""question"": ""Does progress come without any mistakes and failures?"",
   ""question_type"": ""objective"",
   ""score"": ""97.52"",
   ""options"": [
       { ""option"": ""Yes, progress comes fully fashioned"" },
       { ""option"": ""No, progress is gained through mistakes and their rectification"" },
       { ""option"": ""Progress is predetermined by God's will"" },
       { ""option"": ""Progress is dependent on the nation's wealth"" }
   ],
   ""correct_answer"": ""No, progress is gained through mistakes and their rectification"",
   ""tags"": [""progress"", ""evolution"", ""revolution"", ""god""]
}"
page_70.txt,"{
   ""question"": ""What is the use of crossing from one compartment to another, if it does not mean a moral rise?"",
   ""question_type"": ""subjective"",
   ""score"": ""92.75"",
   ""answer"": ""There is no use in crossing from one compartment to another if it does not mean a moral rise because true conversion should lead to a higher level of morality and serving God"",
   ""tag"": ""Shuddhi, Hinduism, Conversion, Morality""
}"
page_10.txt,"{
   ""question"":""How much more should I be, when my faith is not a mere apology as it is today but has become as immovable as the Himalayas and as white and bright as the snows on their peaks?"",
   ""question_type"":""Subjective"",
   ""score"":""87.6"",
   ""answer"":""The question is subjective and refers to the author's personal spiritual growth and faith. Gandhi is emphasizing the importance of strong and unwavering faith in achieving a deeper connection with God. The answer lies in individual interpretation, but in this context, Gandhi's statement highlights his aspiration for greater spiritual growth and a stronger connection with God, implying that he would be more at peace and closer to his goal."",
   ""tag"":""Faith, Spirituality, Self-Discovery""
}"
page_11.txt,"{
   ""question"": ""Is God's existence dependent on human actions or faith?"",
   ""question_type"": ""subjective"",
   ""score"": ""87.5"",
   ""answer"": ""No, God's existence is not dependent on human actions or faith as it is stated in the text that 'we may banish the word 'God' from the Congress but one has no power to banish the thing itself.'"",
   ""tag"": ""God, Faith, Existence""
}"
page_141.txt,"{
   ""question"": ""To what purpose have civilizations come and gone with all their vaunted progress?"",
   ""question_type"": ""subjective"",
   ""score"": 85.7,
   ""answer"": ""It implies that despite the advancements in civilizations, the moral growth and understanding of the world have not shown proportional progress."",
   ""tag"": ""Civilization, Morality, Progress""
}"
page_146.txt,"{
   ""question"": ""Are the time, place and manner of death predestined by the Almighty for each individual?"",
   ""question_type"": ""objective"",
   ""score"": 81.2,
   ""options"": [
       ""Yes, one's death is predetermined"",
       ""No, one's death is not predetermined"",
       ""It is partially predetermined"",
       ""The concept of predestination is irrelevant""
   ],
   ""correct_answer"": ""Yes, one's death is predetermined"",
   ""tag"": ""Predestination""
}"
page_72.txt,"{
   ""question"": ""Is idol worship a part of human nature?"", 
   ""question_type"": ""subjective"", 
   ""score"": 95.59, 
   ""answer"": ""Yes, idol-worship is part of human nature as we hanker after symbolism and images are an aid to worship."", 
   ""tag"": [""idol-worship"", ""human-nature"", ""symbolism"", ""hinduism"", ""religion""]
}"
page_161.txt,"{
   ""question"": ""Who is the founder of Zoroastrian religion?"",
   ""question_type"": ""single_line_answer"",
   ""score"": 95.6,
   ""answer"": ""Zoroaster"",
   ""tag"": ""Zoroaster,Zoroastrian religion""
}"
page_21.txt,"{
   ""question"": ""How to realize the Truth which may be likened to the philosopher's stone or the cow of plenty?"",
   ""question_type"": ""objective"",
   ""score"": 87.92,
   ""answer"": """",
   ""tag"": [""philosophy"", ""spirituality"", ""truth""],
   ""options"": [
      ""By single-minded devotion (abhyasa) and indifference to all other interests in life (vairagya)"",
      ""By following the teachings of the Bhagavad-gita"",
      ""By sacrificing one's life for the pursuit of Truth"",
      ""By leading a self-centered life""
   ],
   ""correct_answer"": ""By single-minded devotion (abhyasa) and indifference to all other interests in life (vairagya)""
}"
page_115.txt,"{
   ""question"": ""Is it justifiable to kill animals for food or self-protection?"",
   ""question_type"": ""subjective"",
   ""score"": 87.56,
   ""answer"": ""According to the text, Gandhi believes that killing animals is not justifiable and that we should pity and protect them instead."",
   ""tag"": ""Vegetarianism, Non-violence, Animal rights""
}"
page_48.txt,"{
   ""question"": ""How can one serve God by serving his fellowmen?"",
   ""question_type"": ""subjective"",
   ""score"": 85.37,
   ""answer"": ""One can serve God by serving the suppressed and poverty-stricken, by body, soul, and mind; and by practicing selfless actions such as spinning for the poor, as these actions serve as the greatest prayer, worship, and sacrifice."",
   ""tag"": [""Service"", ""God"", ""Fellowmen"", ""Bhakti""]
}"
page_31.txt,"{
   ""question"": ""What should a humble seeker do to preserve the balance of mind?"",
   ""question_type"": ""Single-line question"",
   ""score"": 74.25,
   ""answer"": ""He has to reduce himself to zero before God will guide him."",
   ""tag"": ""Spirituality, Humility, Balance""
}"
page_105.txt,"{
   ""question"": ""Is there one God for the Mussulmans and another for the Hindus, Parsis, or Christians?"",
   ""question_type"": ""objective"",
   ""score"": ""57.72"",
   ""options"": [
       ""Yes, there are different Gods for different religions"",
       ""Yes, there is one God but different for Hindus, Parsis, Christians and Mussulmans"",
       ""No, there is only one omnipotent and omnipresent God"",
       ""No answer as God does not exist""
   ],
   ""correct_answer"": ""3"",
   ""tags"": [""God"", ""Religion"", ""Equality""
   ]
}"
page_125.txt,"{
   ""question"": ""Is seeking escape from the consequences of one's actions through artificial means morally justifiable?"",
   ""question_type"": ""subjective"",
   ""score"": 81.27,
   ""answer"": ""According to Gandhi, no, it is wrong and immoral to seek to escape the consequences of one's acts. Natural consequences are necessary for moral growth and restraint."",
   ""tags"": ""morality, self-control, nature, consequences""
}"
page_139.txt,"{
   ""question"": ""Can good come out of evil?"",
   ""question_type"": ""subjective"",
   ""score"": 92,
   ""answer"": ""According to man's plan, no, evil can only come out of evil. But often does good come out of evil, that is God's plan."",
   ""tag"": [""Gandhian Philosophy"", ""Morality"", ""Ethics""]
}"
page_93.txt,"{
   ""question"": ""What is the only interpretation of the scriptures that is considered true?"",
   ""question_type"": ""objective"",
   ""score"": 67.98,
   ""options"": [
       ""That which is experienced by all"",
       ""That which is written in the book"",
       ""That which conflicts with Truth"",
       ""That which is decided by the majority""
   ],
   ""correct_answer"": ""None of the given options. Answer to this would be - That interpretation is not true which conflicts with Truth"",
   ""tag"": ""Philosophy Truth Scriptures""
}"
page_153.txt,"{
   ""question"": ""What is the meaning of the word 'Abhyasa'?"",
   ""question_type"": ""objective"",
   ""score"": 91.4, 
   ""options"": [
       ""a prayer"", 
       ""a repetition; practice; study"", 
       ""a name of god"", 
       ""a saintly character""
   ],
   ""correct_answer"": ""repetition; practice; study"",
   ""tag"": ""Hindu philosophy, Sanskrit words""
}"
page_140.txt,"{
   ""question"": ""How can mankind get out of violence?"",
   ""question_type"": ""objective"",
   ""score"": 82.1,
   ""options"": [
      ""Through counter-violence"",
      ""Through non-violence"",
      ""Through hatred"",
      ""Through love and hatred""
   ],
   ""correct_answer"": ""Through non-violence"",
   ""tags"": ""Nonviolence, Truth, God, Mankind""
}"
page_159.txt,"{
   ""question"":""What is the meaning of Sat-Chit-Ananda in spirituality?"",
   ""question_type"":""Subjective"",
   ""score"":76.7,
   ""answer"":""Sat-Chit-Ananda means Truth-Knowledge-Bliss in spirituality."",
   ""tag"":""Spirituality""
}"
page_28.txt,"{
   ""question"" : ""What happens when one surrenders to the Inner Voice?"",
   ""question_type"" : ""subjective"",
   ""score"" : ""83.75"",
   ""answer"" : ""The greater the surrender to the Inner Voice, the greater is one's joy."",
   ""tag"" : [""God"", ""InnerVoice"", ""Surrender"", ""Joy""]
}"
page_62.txt,"{
   ""question"": ""What principle can be realized through a reverential approach to faiths other than one's own?"",
   ""question_type"": ""single-line answer"",
   ""score"": 88.2,
   ""answer"": ""The principle of equality of all religions"",
   ""tag"": ""Religion Equality Faith""
}"
page_1.txt,"{
   ""question"": ""What is the central idea of the given text compilation by Mahatma Gandhi?"",
   ""question_type"": ""objective"",
   ""score"": 60.5,
   ""options"": [
       ""Science and Technology"",
       ""Non Violent Ways of Protest"",
       ""The Meaning and Concept of God"",
       ""Indian Independence""
   ],
   ""correct_answer"": ""The Meaning and Concept of God"",
   ""tag"": ""Gandhian Philosophy God""
}"
page_45.txt,"{
   ""question"":""Could the Divine Mind be changed by prayer? Could one find it out by prayer?”"",
   ""question_type"":""objective"",
   ""score"":87.5,
   ""options"":[
      ""Yes, the Divine Mind can be changed by prayer and it can be known through prayer."",
      ""No, prayer has no effect on the Divine Mind."",
      ""Prayer can evoke the Divinity within oneself, which cannot change the Divine Mind."",
      ""Prayer is a way to demand or beg from the Divine, but its effect is unknown.""
   ],
   ""correct_answer"":""Prayer can evoke the Divinity within oneself, which cannot change the Divine Mind."",
   ""tags"":[
      ""Prayer"",
      ""DivineMind"",
      ""Spirituality""
   ]
}"
page_123.txt,"{
   ""question"":""Can a man without faith in a Power infinitely higher than himself reach the highest kind of life?"",
   ""question_type"":""objective"",
   ""score"":85.6,
   ""options"":[
      ""Yes"",
      ""No"",
      ""Partially"",
      ""Depends on the man's deeds""
   ],
   ""correct_answer"":""No"",
   ""tags"":""Faith|God|Truth|Spirituality""
}"
page_151.txt,"{
   ""question"": ""Is a spirit necessarily purer because it is disembodied?"",
   ""question_type"": ""objective"",
   ""score"": 58.5,
   ""options"": [""yes"", ""no"", ""maybe"", ""cannot be determined""],
   ""correct_answer"": ""no"",
   ""tag"": ""spiritualism""
}"
page_54.txt,"{
   ""question"":""What is the most potent instrument that man possesses for overcoming cowardice and other bad habits?"",
   ""question_type"":""objective"",
   ""score"":92.10,
   ""options"":[
      ""A heartfelt prayer"",
      ""A strong will power"",
      ""A desire for wealth"",
      ""A want for power""
   ],
   ""correct_answer"":""A heartfelt prayer"",
   ""tag"":""Conquest of cowardice""
}"
page_63.txt,"{
   ""question"": ""Why should there be so many faiths?"",
   ""question_type"": ""objective"",
   ""score"": ""78.2"", 
   ""options"": [
      ""Because God is divided into many parts"",
      ""Because human beings have different bodies but a single soul"",
      ""Because all faiths are gifts of the devil"",
      ""Because humans have made faiths to cater to their own benefits""
   ],
   ""correct_answer"": ""Because human beings have different bodies but a single soul"",
   ""tag"": [""religion"", ""faith"", ""tolerance"", ""God""]
}"
page_97.txt,"{
   ""question"": ""How one can be free from the bondage of action, even while acting?"",
   ""question_type"": ""subjective"",
   ""score"": 92.5,
   ""answer"": ""One can be free from the bondage of action by renouncing its fruit, being detached, and working without desire for reward."",
   ""tag"": [""salvation"", ""renunciation"", ""detachment"", ""action"", ""selfless_work""]
}"
page_85.txt,"{
   ""question"": ""Are superstition and fanaticism monopolized by followers of a particular religion?"",
   ""question_type"": ""objective"",
   ""score"": 73.85,
   ""options"": [""Yes, by people who visit temples, churches, and mosques"", ""No, these vices have their root in human hearts and minds"", ""Only by people who frequently visit temples"", ""Only by people who visit mosques""],
   ""correct_answer"": ""No, these vices have their root in human hearts and minds"",
   ""tag"": [""faith"", ""superstition"", ""fanaticism""]
}"
page_32.txt,"{
   ""question"": ""What are the necessary qualities for a seeker after Truth?"",
   ""question_type"": ""subjective"",
   ""score"": 87.56,
   ""answer"": ""A seeker after Truth should be humbler than the dust and be prepared to sacrifice the things dearest to him in pursuit of this quest."",
   ""tag"": [""humility"", ""morality"", ""religion"", ""selflessness""]
}"
page_91.txt,"{
   ""question"": ""Is the story of a Shudra being punished by Ramachandra for daring to learn the Vedas an interpolation?"",
   ""question_type"": ""subjective"",
   ""score"": 87.51,
   ""answer"": ""According to Gandhi, yes, he rejects it as an interpolation."",
   ""tag"": [""religion"", ""scripture"", ""interpretation""]
}"
page_158.txt,"{
   ""question"": ""What does the term 'Sat' signify in Hindu philosophy?"",
   ""question_type"": ""objective"",
   ""score"": 87.5,
   ""options"": [
        ""Truth and non-existence"",
        ""Deity and falsehood"",
        ""Truth; that which exists"",
        ""Non-existent truth""
   ],
   ""correct_answer"": ""3"",
   ""tag"": ""Hinduism, philosophy""
}"
page_75.txt,"{
   ""question"":""What does Jesus mean to Gandhi?"",
   ""question_type"":""subjective"",
   ""score"":82.9,
   ""answer"":""Jesus was one of the greatest teachers humanity has ever had."",
   ""tag"":""Gandhi_Jesus_belief""
}"
page_55.txt,"{
   ""question"": ""What does God demand as the price for the only real freedom that is worth having?"",
   ""question_type"": ""objective"",
   ""score"": 87.52,
   ""options"": [
       ""Complete self-surrender"",
       ""Wealth and power"",
       ""Faith and prayer"",
       ""Knowledge and wisdom""
   ],
   ""correct_answer"": ""Complete self-surrender"",
   ""tag"": ""Spirituality, Self-discovery, God, Freedom""
}"
page_4.txt,"{
   ""question"": ""What is the quality that Gandhi believes gives him the strength to pursue the truth?"",
   ""question_type"": ""objective"",
   ""score"": 83.45,
   ""options"": [
       ""His knowledge of his own limitations"",
       ""His faith in God"",
       ""His desire for perfection"",
       ""His disregard for human suffering""
   ],
   ""correct_answer"": ""His knowledge of his own limitations"",
   ""tag"": [""Self-awareness"", ""Truth"", ""Strength"", ""Humility""]
}"
page_101.txt,"{
   ""question"": ""Where do people of true merit go after death?"",
   ""question_type"": ""single-line answer"",
   ""score"": 92.45,
   ""answer"": ""those who have attained freedom and live according to this teaching"",
   ""tag"": ""fate, merit, afterlife""
}"
page_138.txt,"{
   ""question"": ""What is the relationship between true humility and rest in the context of serving God?"",
   ""question_type"": ""subjective"",
   ""score"": 82.6,
   ""answer"": ""According to the passage, true humility means most strenuous and constant endeavour entirely directed to the service of humanity, which means there is no more rest for us in the sense of lethargy or idleness. Instead, our very sleep is action, and this restlessness constitutes true rest."",
   ""tag"": [""Humility"", ""Service"", ""God"", ""Rest""]
}"
page_33.txt,"{
   ""question"": ""Can a human being fully realize God in their embodied life?"",
   ""question_type"": ""objective"",
   ""score"": 82.5,
   ""options"": [
       ""Yes, complete realization is possible in this embodied life."",
       ""No, complete realization is impossible in this embodied life."",
       ""It is possible but not necessary."",
       ""It depends on the individual.""
   ],
   ""correct"": ""2"",
   ""tags"": [""Spirituality"", ""Faith"", ""God"", ""Realization""]
}"
page_81.txt,"{
   ""question"":""What is the significance of Rama in M.K. Gandhi's perspective on Hindu Dharma?"",
   ""question_type"":""subjective"",
   ""score"":85,
   ""answer"":""Rama is considered the all-powerful essence and a symbol connoting one formless omnipresent God, and his name is believed to remove all suffering when inscribed in the heart."",
   ""tag"":""Hinduism, God, Spirituality, Rama""
}"
page_58.txt,"{
   ""question"" : ""Can nearly half the misery of the world disappear by practicing the virtue of silence?"",
    ""question_type"" : ""subjective"",
    ""score"" : 85.79,
    ""answer"" : ""According to Gandhi, yes, nearly half the misery of the world would disappear if we knew the virtue of silence."",
    ""tag"" : ""silence, spirituality, discipline, self-control""
}"
page_73.txt,"{
   ""question"" : ""Is Hinduism an exclusive religion?"",
   ""question_type"" : ""objective"",
   ""score"" : 87.23,
   ""options"" : [
      ""Yes"",
      ""No"",
      ""Partially"",
      ""Cannot be determined""
   ],
   ""correct_answer"" : ""No"",
   ""tag"" : ""Hinduism, Religion, Tolerance, Non-Exclusivity""
}"
page_102.txt,"{
   ""question"":""What is the true value of art in relation to the soul's realization?"",
   ""question_type"":""subjective"",
   ""score"":85.72,
   ""answer"":""The true value of art in relation to the soul's realization lies in its ability to express the inner spirit and help the soul to realize its inner self."",
   ""tag"":""Art, Soul, Realization, Truth""
}"
page_121.txt,"{
   ""question"": ""What does Brahmacharya mean according to Gandhi?"",
   ""question_type"": ""single-line"",
   ""score"": 95,
   ""answer"": ""Brahmacharya means control of the senses in thought, word and deed."",
   ""tag"": ""Brahmacharya, Gandhi, Spirituality""
}"
page_108.txt,"{
   ""question"": ""What should the endeavour consist of in seeking cure through Nature Cure treatment?"",
   ""question_type"": ""objective"",
   ""score"": 92.5,
   ""options"": [
      ""Relying on the five elements of which the body is composed"",
      ""Seeking help from big hospitals and eminent doctors"",
      ""Using expensive medication and equipment"",
      ""Trying alternative treatments without considering Nature Cure""
   ],
   ""correct_answer"": ""Relying on the five elements of which the body is composed"",
   ""tag"": [""NatureCure"", ""Treatment"", ""Faith"", ""God""]
}"
page_53.txt,"{
   ""question"": ""What biblical fast can be compared to the one described in this chapter?"",
   ""question_type"": ""objective"",
   ""score"": ""45.12"",
   ""options"": [
      ""The fast of Jesus in the desert"",
      ""The fast of Moses"",
      ""The fast of Jonah in the belly of the whale"",
      ""None of these""
   ],
   ""correct_answer"": ""The fast of Jonah in the belly of the whale"",
   ""tag"": ""Biblical_Fast Comparison""
}"
page_8.txt,"{
   ""question"":""What is the nature of the power that pervades everything according to Gandhi?"",
   ""question_type"":""subjective"",
   ""score"":87.24,
   ""answer"":""An indefinable mysterious power that transcends the senses and is the underlying living power that is changeless, creating, dissolving and re-creating all."",
   ""tag"":""Philosophy, Spirituality, Existence""
}"
page_52.txt,"{
   ""question"": ""Is mortification of the flesh a necessary condition for spiritual progress?"", 
   ""question_type"": ""subjective"", 
   ""score"": 82.5, 
   ""answer"": ""Mortification of the flesh, including fasting, can be seen as a means to achieve spiritual progress by denying self and making a joyous and reckless surrender of one's desires to a higher power."", 
   ""tag"": ""Spirituality, Self-denial, Fasting""
}"
page_16.txt,"{
   ""question"":""What qualities are necessary for a person to hear and act on their Inner Voice?"",
   ""question_type"":""objective"",
   ""score"":85.6,
   ""answer"":"""",
   ""tag"":""discipline, humility, inner voice"",
   ""options"":[
      ""A vow of silence and solitude"",
      ""A vow of truth, Brahmacharya (purity), non-violence, poverty and non-possession"",
      ""A position of wealth and power"",
      ""A life of complete freedom and no responsibility""
   ],
   ""correct_answer"":""B vow of truth, Brahmacharya (purity), non-violence, poverty and non-possession""
}"
page_87.txt,"{
   ""question"":""What is the significance of tree-worship according to the author?"",
   ""question_type"":""subjective"",
   ""score"":87.54,
   ""answer"":""The author sees tree-worship as having a profound economic significance, and also believes that God manifests Himself in various forms in the universe, including trees."",
   ""tag"":""Spirituality, Nature, Tree-worship, Faith""
}"
page_119.txt,"{
   ""question"": ""What is the chief sinner that needs to be controlled according to the Ashram's observances?"",
   ""question_type"": ""objective"",
   ""score"": 85.5,
   ""options"": [
       ""The tongue"",
       ""The palate"",
       ""The hands"",
       ""The mind""
   ],
   ""correct_answer"": ""The palate"",
   ""tag"": ""Brahmacharya, self-control, Ashram""
}"
page_64.txt,"{
   ""question"": ""Must we always think alike in order to have mutual toleration?"",
   ""question_type"": ""subjective"",
   ""score"": ""92.15"",
   ""answer"": ""No, mutual toleration does not require people to think alike, rather it allows us to see truth from different angles of vision."",
   ""tag"": ""tolerance""
}"
page_68.txt,"{
   ""question"":""Is it right to adopt the customs and traditions of a new faith, even if it means hurting relatives and friends from the old faith?"",
   ""question_type"":""subjective"",
   ""score"":87.51,
   ""answer"":""No, conversion should not mean denationalization or giving up of one's ancestral practices and traditions, unless they are evil. It should be a giving up of the evil of the old, adoption of all the good of the new, and a scrupulous avoidance of everything evil in the new."",
   ""tags"":""faith, conversion, culture, tradition, identity""
}"
page_78.txt,"{
   ""question"": ""Can Hinduism and Christianity co-operate if Hindus begin to believe in one God and give up idolatry?"",
   ""question_type"": ""objective"",
   ""score"": ""86.23"",
   ""options"": [
       ""It would solve the whole difficulty"",
       ""Yes, as soon as Hindus convert to Christianity"",
       ""No, as Christians and Hindus will always have fundamental differences"",
       ""Only if Christians give up their militant or 'muscular' approach""
   ],
   ""correct_answer"": ""No, as Christians and Hindus will always have fundamental differences"",
   ""tags"": [
       ""Hinduism"",
       ""Christianity"",
       ""Monotheism"",
       ""Coexistence""
   ]
}"
page_132.txt,"{
   ""question"": ""Would it not be better for a man to give the time he spends on the worship of God to the service of the poor? And should not true service make devotional worship unnecessary for such a man ?"",
   ""question_type"": ""subjective"",
   ""score"": 87.34,
   ""answer"": ""No, working for others in the name of God and dedicating it to Him gives equal merit to any work, and worship of God is necessary to keep the remembrance of God fresh in the heart of the devotee."",
   ""tags"": ""Service, Devotion, Worship, God, Poor""
}"
