{
    "questions": {
        "objective_questions": [
            {
                "question": "How does a public worker prove authenticity in their statements?",
                "question_type": "objective",
                "score": 87.52,
                "tag": "",
                "options": [
                    "By making statements without proof",
                    "By getting proof of their authenticity",
                    "By making decisions based on instinct",
                    "By having money and power"
                ],
                "answer": "By getting proof of their authenticity"
            },
            {
                "question": "What is the ultimate goal of the training of the spirit according to Gandhi?",
                "question_type": "objective",
                "score": 85,
                "tag": "Spirituality, Self-Realization, CharacterBuilding",
                "options": [
                    "To develop the body",
                    "To develop the mind",
                    "To build character and enable one to work towards a knowledge of God and self-realization",
                    "To attain old-age"
                ],
                "answer": "To build character and enable one to work towards a knowledge of God and self-realization"
            },
            {
                "question": "How is the thread to be safeguarded?",
                "question_type": "objective",
                "score": 81.75,
                "tag": "nationality",
                "options": [
                    "By shifting to a language of a different kind.",
                    "By removing socio-economic inequalities.",
                    "By safeguarding the composite culture.",
                    "By not cutting the thread."
                ],
                "answer": "By removing socio-economic inequalities."
            },
            {
                "question": "What is the main goal of an inquiry report?",
                "question_type": "objective",
                "score": 87.54,
                "tag": "Integrity",
                "options": [
                    "To justify the actions of the government",
                    "To bring out the truth and nothing but the truth",
                    "To satisfy the demands of the opposition",
                    "To provide a personal opinion"
                ],
                "answer": "To bring out the truth and nothing but the truth"
            },
            {
                "question": "How can one develop the spirit to build character and work towards self-realization?",
                "question_type": "objective",
                "score": 87.56,
                "tag": "",
                "options": [
                    "Through reading books",
                    "Through exercise of the spirit with a good teacher",
                    "Through physical exercise",
                    "Through intellectual exercise"
                ],
                "answer": "Through exercise of the spirit with a good teacher"
            },
            {
                "question": "What are the five principles of conduct enunciated by Gandhi?",
                "question_type": "objective",
                "score": 87.93,
                "tag": "Gandhi",
                "options": [
                    "Self-control, non-violence, and honesty",
                    "Truth, Celibacy, Non-violence, Shunning illegitimate means and simplicity",
                    "Religion, honesty, non-violence, and hard work",
                    "Simplicity, cleanliness, self-control, hard work, and honesty"
                ],
                "answer": "Truth, Celibacy, Non-violence, Shunning illegitimate means and simplicity"
            },
            {
                "question": "What is the importance of practicing law without compromising truth?",
                "question_type": "objective",
                "score": 87.23,
                "tag": "Law, Truth, Profession",
                "options": [
                    "It leads to financial gains only",
                    "It may harm one's reputation among clients",
                    "It enhances one's reputation among the legal profession as well as in clients",
                    "It decreases the value of lawyer's work"
                ],
                "answer": "It enhances one's reputation among the legal profession as well as in clients"
            },
            {
                "question": "What should be the proper foundation for the education of children?",
                "question_type": "objective",
                "score": 87.5,
                "tag": "",
                "options": [
                    "Material success",
                    "Social status",
                    "Character building",
                    "Economic stability"
                ],
                "answer": "Character building"
            },
            {
                "question": "What is the first article of Gandhi's faith and also the last article of his creed?",
                "question_type": "objective",
                "score": 98.52,
                "tag": [
                    "Gandhi",
                    "Faith",
                    "Non-violence",
                    "Religion"
                ],
                "options": [
                    "Non-violence",
                    "Violence",
                    "Tolerance",
                    "Solidarity"
                ],
                "answer": "Non-violence"
            },
            {
                "question": "What is the greatest means of resisting evil as per the sermon on the mount?",
                "question_type": "objective",
                "score": 92.5,
                "tag": [
                    "morality",
                    "spirituality",
                    "resistance"
                ],
                "options": [
                    "Prayer and worship",
                    "Giving up one's coat and cloak",
                    "Returning the other cheek when smitten",
                    "Seeking revenge"
                ],
                "answer": "Returning the other cheek when smitten"
            },
            {
                "question": "What quality should leaders possess, as described by Gandhi?",
                "question_type": "objective",
                "score": 92.17,
                "tag": "",
                "options": [
                    "Strength and courage",
                    "Similarity to the Himalaya",
                    "Similarity to the ocean",
                    "Similarity to the river Ganges"
                ],
                "answer": "Similarity to the river Ganges"
            },
            {
                "question": "Can a reformer afford to have close intimacy with him whom he seeks to reform?",
                "question_type": "objective",
                "score": 85.7,
                "tag": [
                    "reformer",
                    "intimacy",
                    "reform"
                ],
                "options": [
                    "Yes",
                    "No",
                    "Maybe",
                    "Depends on the reform"
                ],
                "answer": "No"
            },
            {
                "question": "What is the significance of the Flag in relation to the cherished goal of Sarvodya?",
                "question_type": "objective",
                "score": 67.53,
                "tag": "truth, holistic approach, sarvodya, development",
                "options": [
                    "To promote only secular development",
                    "To deny the importance of Truth",
                    "To give Truth a central place in the holistic approach to reach the cherished goal of Sarvodya",
                    "To promote only spiritual development"
                ],
                "answer": "To give Truth a central place in the holistic approach to reach the cherished goal of Sarvodya"
            },
            {
                "question": "What is the summum bonum of life?",
                "question_type": "objective",
                "score": 91.2,
                "tag": "",
                "options": [
                    "Quest for Wealth",
                    "Quest for Power",
                    "Quest for Truth",
                    "Quest for Fame"
                ],
                "answer": "Quest for Truth"
            },
            {
                "question": "What are the four broad sections under which the lessons are categorized in Gandhi's autobiography?",
                "question_type": "objective",
                "score": 85.2,
                "tag": "",
                "options": [
                    "Education, Business, Politics, and Family",
                    "Workers and Public Service, Education, Legal Profession and Practice, Parents",
                    "Religion, Economics, Politics, and Family",
                    "Science, Technology, Art, and Sports"
                ],
                "answer": "Workers and Public Service, Education, Legal Profession and Practice, Parents"
            },
            {
                "question": "What makes a clean confession an effective form of repentance?",
                "question_type": "objective",
                "score": 92.65,
                "tag": "repentance",
                "options": [
                    "Confessing to just anyone",
                    "A clean confession, combined with a promise never to commit the sin again, when offered before one who has the right to receive it",
                    "Confessing reluctantly",
                    "Not taking responsibility for the action"
                ],
                "answer": ""
            },
            {
                "question": "Does the performance of one's duties depend on others for its assurance?",
                "question_type": "objective",
                "score": 87.3,
                "tag": [
                    "Duties",
                    "Rights",
                    "Society",
                    "Gandhi"
                ],
                "options": [
                    "Yes, for the performance of duties one is dependent on others.",
                    "No, for the performance of duties one is not dependent on others.",
                    "Depends on the type of duties.",
                    "Depends on the individual"
                ],
                "answer": "No, for the performance of duties one is not dependent on others."
            },
            {
                "question": "What is the primary responsibility of every parent in a child's life according to Gandhi?",
                "question_type": "objective",
                "score": 94.23,
                "tag": [
                    "parenting",
                    "responsibility",
                    "character"
                ],
                "options": [
                    "To provide financial support",
                    "To impart spiritual and social heritage",
                    "To send the child to the best school",
                    "To build the character of the child"
                ],
                "answer": "To build the character of the child"
            },
            {
                "question": "Can a vow ever be broken?",
                "question_type": "objective",
                "score": 92.58,
                "tag": "morality",
                "options": [
                    "Yes, vows can be broken",
                    "No, vows are unbreakable",
                    "It depends on the situation",
                    "Vows are not important"
                ],
                "answer": "No, vows are unbreakable"
            },
            {
                "question": "What are the key characteristics that distinguish nonviolence from other approaches to fighting against wickedness or evil?",
                "question_type": "objective",
                "score": 92.5,
                "tag": "",
                "options": [
                    "Strength, Possession of arms, and Retaliation",
                    "Love, Suffering, and Pacifism",
                    "Indomitable will, Fear and Cowardice",
                    "Non-violent approach only when we love those who love us"
                ],
                "answer": "Love, Suffering, and Pacifism"
            },
            {
                "question": "What should be the primary goal of the Congress as stated by Gandhi?",
                "question_type": "objective",
                "score": 87.5,
                "tag": "",
                "options": [
                    "Attainment of Swaraj from outside the British Empire",
                    "Attainment of Swaraj at all costs",
                    "Attainment of Swaraj within the British Empire if possible and without if necessary",
                    "Destruction of the British Empire"
                ],
                "answer": "Attainment of Swaraj within the British Empire if possible and without if necessary"
            },
            {
                "question": "How can one protect himself in terms of body, mind and soul?",
                "question_type": "objective",
                "score": 87.45,
                "tag": "Brahmacharya Self-Control",
                "options": [
                    "By being selfless and helping others",
                    "By controlling one's senses in thought, word, and deed",
                    "By accumulating wealth and material possessions",
                    "By pursuing worldly desires and ambitions"
                ],
                "answer": "By controlling one's senses in thought, word, and deed"
            },
            {
                "question": "What role does environment play in a child's upbringing according to Gandhi?",
                "question_type": "objective",
                "score": 87.32,
                "tag": [
                    "Environment",
                    "Education",
                    "Upbringing",
                    "Gandhian Philosophy"
                ],
                "options": [
                    "A crucial role",
                    "A moderate role",
                    "An insignificant role",
                    "No role at all"
                ],
                "answer": "A moderate role"
            },
            {
                "question": "What is the most essential quality of a teacher?",
                "question_type": "objective",
                "score": 87.6,
                "tag": "",
                "options": [
                    "Literacy qualifications",
                    "Moral fibre",
                    "Strong communication skills",
                    "Knowledge of various subjects"
                ],
                "answer": "Moral fibre"
            },
            {
                "question": "Can politics survive as a matter of vote banks in India?",
                "question_type": "objective",
                "score": 87.23,
                "tag": "",
                "options": [
                    "Yes, politics can survive as a matter of vote banks in India",
                    "No, politics cannot survive as a matter of vote banks in India",
                    "It depends on the factors such as poverty, population growth, and wealth gap",
                    "Maybe, but it requires a significant change in the system"
                ],
                "answer": "No, politics cannot survive as a matter of vote banks in India"
            },
            {
                "question": "Can the spinning wheel weave its way in the age of power-driven machines?",
                "question_type": "objective",
                "score": 87.35,
                "tag": "",
                "options": [
                    "Yes, because of its ability to provide employment",
                    "No, because of its low production capacity",
                    "It depends on the purpose of its usage",
                    "No one knows for sure"
                ],
                "answer": "It depends on the purpose of its usage"
            },
            {
                "question": "What are the two main objectives set by Gandhi for himself?",
                "question_type": "objective",
                "score": 87.5,
                "tag": [
                    "Gandhi",
                    "objectives",
                    "independence"
                ],
                "options": [
                    "Gandhi had set for himself two objectives. First, proximate or immediate objective was to save the humanity and second, ultimate or long-term objective was social welfare based on science and technology considerations",
                    "Gandhi had set for himself two objectives. First, proximate or immediate objective was to get economic independence and second, ultimate or long-term objective was global peace based on environmental consideration",
                    "Gandhi had set for himself two objectives. First, proximate or immediate objective was to get political independence and second, ultimate or long-term objective was economic independence",
                    "Gandhi had set for himself two objectives. First, proximate or immediate objective was world peace at any cost and second, ultimate or long-term objective was scientific development of India"
                ],
                "answer": "Gandhi had set for himself two objectives. First, proximate or immediate objective was to get political independence and second, ultimate or long-term objective was economic independence"
            },
            {
                "question": "What is the key aspect of the Gita's teaching of non-possession for those who desire salvation?",
                "question_type": "objective",
                "score": 92.5,
                "tag": "non-possession, salvation, trustee, spirituality",
                "options": [
                    "To renounce all worldly possessions",
                    "To live in complete isolation",
                    "To act like a Trustee, considering no possession as one's own",
                    "To accumulate wealth for charity"
                ],
                "answer": "3. To act like a Trustee, considering no possession as one's own"
            },
            {
                "question": "What is the significance of recounting the experiments in the spiritual field, according to Gandhi?",
                "question_type": "objective",
                "score": 87.32,
                "tag": [
                    "Spirituality",
                    "Self-Discovery",
                    "Humility"
                ],
                "options": [
                    "To attain the title of 'Mahatma'",
                    "To gain power for working in the political field",
                    "To derive humility and understand limitations",
                    "To gain self-praise"
                ],
                "answer": "To derive humility and understand limitations"
            },
            {
                "question": "Would Gandhi persist in his theory of nonviolence in the event of a nuclear attack on a city?",
                "question_type": "objective",
                "score": 93.25,
                "tag": "",
                "options": [
                    "Yes, and the citizens' sacrifice would not go in vain.",
                    "No, he would rethink nonviolence in case of a nuclear attack.",
                    "That depends on the context of the attack.",
                    "He did not explicitly state his position."
                ],
                "answer": "Yes, and the citizens' sacrifice would not go in vain."
            },
            {
                "question": "Is Power really intoxicating to an inordinate extent?",
                "question_type": "objective",
                "score": 87.42,
                "tag": "",
                "options": [
                    "Yes, it is true",
                    "No, it is not true",
                    "Maybe, it depends on the individual",
                    "It is partially true"
                ],
                "answer": "Yes, it is true"
            },
            {
                "question": "What are the conditions for a successful strike?",
                "question_type": "objective",
                "score": 98.5,
                "tag": [
                    "strike",
                    "labour",
                    "protest",
                    "rights"
                ],
                "options": [
                    "Resorting to violence and depending on alms.",
                    "Never to resort to violence, molest black legs and depend upon alms.",
                    "Molesting black legs and earning bread during the strike period.",
                    "Never to resort to violence but always depend upon alms."
                ],
                "answer": "Never to resort to violence, molest black legs and depend upon alms."
            },
            {
                "question": "What should be the primary consideration for a citizen when voting?",
                "question_type": "objective",
                "score": 92.35,
                "tag": "",
                "options": [
                    "Party label",
                    "Personal interest",
                    "Reason and the best candidate",
                    "Emotional appeal"
                ],
                "answer": "Reason and the best candidate"
            },
            {
                "question": "What are the essential aspects in developing a community at various levels?",
                "question_type": "objective",
                "score": 92.5,
                "tag": "cooperation",
                "options": [
                    "Love and affection for each other",
                    "Strict norms and standardized beliefs",
                    "Eradication of differences among sub-groups",
                    "Cooperation and competition without violence"
                ],
                "answer": "Cooperation and competition without violence"
            },
            {
                "question": "What, according to Gandhi, are the characteristics of a role model?",
                "question_type": "objective",
                "score": 82.5,
                "tag": "role model, virtues, Gandhi",
                "options": [
                    "pure as gold, meek as an elephant, brave as a bear, chivalrous to a fault",
                    "pure as a crystal, meek as a lamb, brave as a lion and chivalrous to a fault",
                    "trusting as a rabbit, patient as a bird, fierce as a dragon",
                    "intelligent as human, fast as cheetah, agile as monkey"
                ],
                "answer": "pure as a crystal, meek as a lamb, brave as a lion and chivalrous to a fault"
            },
            {
                "question": "Is Mahatma Gandhi's view of life based on fundamental rights or fundamental duties?",
                "question_type": "objective",
                "score": 83.25,
                "tag": [
                    "Ahimsa",
                    "Duties",
                    "Rights",
                    "Gandhian Ideals"
                ],
                "options": [
                    "Fundamental Rights",
                    "Fundamental Duties",
                    "Both equally",
                    "Neither Fundamental Rights nor Fundamental Duties"
                ],
                "answer": "Fundamental Duties"
            },
            {
                "question": "What attitude must stop in the Hindu society according to Gandhi?",
                "question_type": "objective",
                "score": 92.5,
                "tag": "Society, Equality, Women Rights",
                "options": [
                    "A) Women should always obey their husbands",
                    "B) Women should be given equal rights and status in the society",
                    "C) Men should always work outside and women should always stay at home",
                    "D) Women should be forced to wear certain types of clothing"
                ],
                "answer": "B) Women should be given equal rights and status in the society"
            },
            {
                "question": "What is the reason for the abnormal rise in the level of present-day crime and its tolerance?",
                "question_type": "objective",
                "score": 85.67,
                "tag": "",
                "options": [
                    "the decrease in population",
                    "the increase of population, coupled with the increase of wealth",
                    "the decrease in wealth",
                    "the inadequate remedy"
                ],
                "answer": "the increase of population, coupled with the increase of wealth"
            },
            {
                "question": "What is the most significant benefit of a successful Satyagraha campaign?",
                "question_type": "objective",
                "score": 92.5,
                "tag": "Satyagraha Nonviolence Gandhi",
                "options": [
                    "It leaves the Satyagrahi weaker",
                    "It leaves the Satyagrahi stronger and more spirited",
                    "It has no impact on the people",
                    "It causes suffering to the opponent"
                ],
                "answer": "2. It leaves the Satyagrahi stronger and more spirited"
            },
            {
                "question": "Who wrote the introduction to Gandhi's Autobiography's moral lessons?",
                "question_type": "objective",
                "score": 67.32,
                "tag": "authorship",
                "options": [
                    "M. K. Gandhi",
                    "K. D. Gangrade",
                    "Gandhi Smriti and Darshan Samiti",
                    "Rajghat, New Delhi"
                ],
                "answer": "K. D. Gangrade"
            },
            {
                "question": "What is the significance of reading in the context of a public worker?",
                "question_type": "objective",
                "score": 87.5,
                "tag": [
                    "reading",
                    "practice",
                    "publicworker",
                    "morals"
                ],
                "options": [
                    "Reading is only for personal development",
                    "Reading helps to digest information thoroughly",
                    "Reading must be translated into practice",
                    "Reading has no influence on the reader's life"
                ],
                "answer": "Reading must be translated into practice"
            },
            {
                "question": "How does a helpless state due to illness affect one's interest in living?",
                "question_type": "objective",
                "score": 87.34,
                "tag": [
                    "health",
                    "helplessness",
                    "motivation"
                ],
                "options": [
                    "A. It increases one's interest in living",
                    "B. It has no effect on one's interest in living",
                    "C. One loses interest in living",
                    "D. One's interest in living becomes stagnant"
                ],
                "answer": "C. One loses interest in living"
            },
            {
                "question": "Is education in a well-ordered household more valuable than a literary education in an institution?",
                "question_type": "objective",
                "score": 82.57,
                "tag": "",
                "options": [
                    "Yes",
                    "No",
                    "Both are equally important",
                    "It depends on the institution"
                ],
                "answer": "Yes"
            },
            {
                "question": "What is the real meaning of Swaraj?",
                "question_type": "objective",
                "score": 97.5,
                "tag": "Swaraj, Gandhi, Self-realization, Freedom, Morality",
                "options": [
                    "Independence from foreign rule",
                    "Mastery over oneself, one's thought and action",
                    "Freedom from all kinds of fear",
                    "Ruling power over others"
                ],
                "answer": "Mastery over oneself, one's thought and action"
            },
            {
                "question": "Which model promotes poverty alleviation at subsistence level?",
                "question_type": "objective",
                "score": 74.56,
                "tag": "",
                "options": [
                    "The Gandhian Model",
                    "The Nehruvian or Western Model",
                    "Industrial Development Model",
                    "Panchayat Model"
                ],
                "answer": "The Gandhian Model"
            },
            {
                "question": "What are the two basic lessons that we are to learn from Indian history and from the Gita?",
                "question_type": "objective",
                "score": 98.7,
                "tag": "",
                "options": [
                    "(i) People follow in the glow of their leaders only, and (ii) Crime is a problem to be handled by the police only.",
                    "(i) Indian people have always taken their moral standards from their rulers, and (ii) Regions and kingdoms have been ruined by noble kings or leaders.",
                    "(i) Indian people have always taken their economic standards from their rulers, and (ii) Regions and kingdoms have been developed by the common man.",
                    "(i) Indian people have always taken their moral standards from their rulers, and (ii) Regions and kingdoms have been ruined by noble kings or leaders but people have risen to great heights whenever they have followed in the glow of noble kings or leaders."
                ],
                "answer": "(i) Indian people have always taken their moral standards from their rulers, and (ii) Regions and kingdoms have been ruined by noble kings or leaders but people have risen to great heights whenever they have followed in the glow of noble kings or leaders."
            },
            {
                "question": "What is our creed according to Gandhi?",
                "question_type": "objective",
                "score": 93.72,
                "tag": [
                    "Truth",
                    "Gandhi",
                    "Creed"
                ],
                "options": [
                    "Devotion to truth",
                    "Devotion to wealth",
                    "Devotion to power",
                    "Devotion to fame"
                ],
                "answer": "Devotion to truth"
            },
            {
                "question": "How is the training of the spirit possible?",
                "question_type": "objective",
                "score": 87.5,
                "tag": [
                    "Spiritualgrowth",
                    "Education",
                    "Characterbuilding"
                ],
                "options": [
                    "Through books and intellectual exercise",
                    "Through physical exercise and sports",
                    "Through exercise of the spirit and character of the teacher",
                    "Through rigid discipline and rules"
                ],
                "answer": "Through exercise of the spirit and character of the teacher"
            },
            {
                "question": "How can a votary of Truth stop a war when two nations are fighting?",
                "question_type": "objective",
                "score": 92.6,
                "tag": [
                    "War",
                    "Truth",
                    "Ahimsa",
                    "Compassion"
                ],
                "options": [
                    "By using physical force to destroy one side",
                    "By promoting Ahimsa and the unity of all life, helping to stop the war through love and compassion",
                    "By participating in the war and inciting more violence",
                    "By avoiding the conflict and focusing on personal development"
                ],
                "answer": 2
            }
        ],
        "single_line_questions": [
            {
                "question": "What do great men look at when evaluating a person?",
                "question_type": "single-line-answer",
                "score": 74.12,
                "tag": [
                    "virtue",
                    "respect",
                    "evaluation"
                ],
                "options": [],
                "answer": "a person's heart"
            },
            {
                "question": "What is the attitude of the seeker after truth, according to the text?",
                "question_type": "single-line-answer",
                "score": 95.5,
                "tag": "Humility, Truth, Simplicity",
                "options": [],
                "answer": "The seeker after truth should be humbler than the dust. He or she should be so simple that even the dust could crush him or her."
            },
            {
                "question": "What is the role of a newspaper in the eyes of Gandhi?",
                "question_type": "single-line-answer",
                "score": 87.52,
                "tag": "Media, Journalism, Service, Gandhi",
                "options": [],
                "answer": "According to Gandhi, the role of a newspaper is to provide service as its sole aim and to establish an intimate and clear bond between the editor and the readers."
            }
        ],
        "subjective_questions": [
            {
                "question": "What are the essential characteristics required in a worker, according to Gandhi?",
                "question_type": "subjective",
                "score": 82.85,
                "tag": "",
                "options": [],
                "answer": "According to Gandhi, essential characteristics in a worker include having a clear character, immense courage, a strong work ethic, purity of heart, humility, and a capacity to identify with people. They must be free from financial responsibility, aim at work rather than fame, and not make distinctions between people."
            },
            {
                "question": "How is the thread to be safeguarded?",
                "question_type": "subjective",
                "score": 87.9,
                "tag": "nationality, inter-nationality, socio-economic",
                "options": [],
                "answer": "By shifting to a language of a different kind and adopting a new socio-economic order where the gap between the rich and poor is removed."
            },
            {
                "question": "Is morality the basis of all things and does truth form the substance of all morality?",
                "question_type": "subjective",
                "score": 82.1456789,
                "tag": [
                    "Morality",
                    "Truth",
                    "Gandhi",
                    "Ego",
                    "Self-criticism"
                ],
                "options": [],
                "answer": "According to Gandhi, morality forms the basis of things and truth is the substance of all morality."
            },
            {
                "question": "What seems to be missing in today's societies despite liberalization and globalization?",
                "question_type": "subjective",
                "score": 84.37,
                "tag": "society, morality, peace, nonviolence",
                "options": [],
                "answer": "Something vital is missing today. The unifying moral imperatives of social and cultural values are being replaced by division and disintegrative forces in almost all countries of the world."
            },
            {
                "question": "What is the primary quality a teacher should possess, according to Gandhi?",
                "question_type": "subjective",
                "score": 82.5,
                "tag": "education, teacher, moral",
                "options": [],
                "answer": "According to Gandhi, a teacher's moral fibre is more essential than their literacy qualification."
            },
            {
                "question": "Is it cowardice to run away without fulfilling obligations and resolving problems?",
                "question_type": "subjective",
                "score": 88.3,
                "tag": "morality",
                "options": [],
                "answer": "Yes"
            },
            {
                "question": "Howsoever one may want to repair, a rift is a rift",
                "question_type": "subjective",
                "score": 82.15,
                "tag": "Relationships, Sorrow, Harmony",
                "options": [],
                "answer": "The statement implies that no matter how hard one tries to repair a relationship or bond, the damage has already been done, and it will always leave a mark."
            },
            {
                "question": "What is the root cause of deterioration of public life in India according to Gandhi?",
                "question_type": "subjective",
                "score": 82.5,
                "tag": "ethics",
                "options": [],
                "answer": "According to Gandhi, the root cause of deterioration of public life in India was the lack of moral courage to take action based on individual and collective conscience, and the devaluation and debasement of the noble Constitution."
            },
            {
                "question": "How can we move towards a society where everyone will live in harmony with his neighbour?",
                "question_type": "subjective",
                "score": 85.2,
                "tag": "society harmony nonviolence social-order",
                "options": [],
                "answer": "According to the text, this can be achieved by adopting Gandhian values of life, paying attention to character building in the education system and working towards a society where everyone is treated with equal respect and feels secure through nonviolent approach and participation in planning and executing from the bottom to the top"
            },
            {
                "question": "Is marital rape a serious problem that requires state laws to protect women?",
                "question_type": "subjective",
                "score": 95.6,
                "tag": "rape, women, law, protection, victimization",
                "options": [],
                "answer": "Yes"
            },
            {
                "question": "What are the essential qualities required to become a successful lawyer?",
                "question_type": "subjective",
                "score": 87.56,
                "tag": [
                    "lawyer",
                    "qualities",
                    "success",
                    "gandhi"
                ],
                "options": [],
                "answer": "According to the context, honesty and industry are the essential qualities required to become a successful lawyer."
            },
            {
                "question": "Is it derogatory to a leader's dignity to use public transportation instead of a private vehicle?",
                "question_type": "subjective",
                "score": 87.0,
                "tag": [
                    "leadership",
                    "responsibility",
                    "dignity",
                    "transportation"
                ],
                "options": [],
                "answer": "No, according to Gandhi, using public transportation does not demean a leader's dignity."
            },
            {
                "question": "How can inequality be eradicated from human society in a permanent way?",
                "question_type": "subjective",
                "score": 87.23,
                "tag": "inequality,society,eradication",
                "options": [],
                "answer": "According to Gandhi, inequality is evil, but to eradicate an evil from the human breast by force or violence does not bring permanent results. Instead, uttermost self-sacrifice, trusteeship, and focusing on the true needs of humanity can help achieve a classless society."
            },
            {
                "question": "Can individual life be viewed as a resource of infinite importance in shaping one's own self?",
                "question_type": "subjective",
                "score": 87.56,
                "tag": [
                    "Autobiography",
                    "Gandhi",
                    "Moral reconstruction",
                    "Individual life"
                ],
                "options": [],
                "answer": "According to Gandhi's autobiography analyzed by Professor K.D. Gangrade, yes, individual life can be viewed as a resource of infinite importance in shaping one's own self."
            },
            {
                "question": "Is civility just the mere outward gentleness of speech cultivated?",
                "question_type": "subjective",
                "score": 87.56,
                "tag": "Civility, Satyagraha, Simplicity",
                "options": [],
                "answer": "No, civility is not just the mere outward gentleness of speech cultivated. It involves a deeper understanding and practice of treating others with respect and kindness."
            },
            {
                "question": "Can one discover truth through novel experiments and be protected by God?",
                "question_type": "subjective",
                "score": 80.25,
                "tag": "",
                "options": [],
                "answer": "According to Gandhi, yes, God protects those who experiment honestly with the goal of seeking truth."
            },
            {
                "question": "What can be discovered about Gandhi through his autobiography?",
                "question_type": "subjective",
                "score": 87.25,
                "tag": [
                    "Autobiography",
                    "Gandhi",
                    "Discovery",
                    "Nonviolence"
                ],
                "options": [],
                "answer": "The Revolutionary Gandhi who offered a healthy alternative vision of life and a creative blue-print for the emergence of a new social order."
            },
            {
                "question": "Is Gandhi, who tried to look at men and matters from an ethical, moral and spiritual angle, relevant in an age conditioned to a large extent by materialistic and consumeristic considerations?",
                "question_type": "subjective",
                "score": 87.25,
                "tag": "",
                "options": [],
                "answer": "Yes, Gandhi's teachings are still relevant today as the world grapples with materialism, consumerism, and the erosion of morality and ethics."
            },
            {
                "question": "Is the railway system, particularly third class travelling, suitable for people with cleanly ways?",
                "question_type": "subjective",
                "score": 87.3,
                "tag": "Railway Reforms Travelling Living Standars",
                "options": [],
                "answer": "No, Gandhi experienced the poor treatment of third-class passengers and the uncleanliness in those compartments."
            },
            {
                "question": "Can eternal peace be achieved if one does not accept Jesus Christ as the Son of God and saviour of mankind?",
                "question_type": "subjective",
                "score": 82.57,
                "tag": "spirituality,morality,peace",
                "options": [],
                "answer": "According to Gandhi, no direct relationship is established, but there are moral lessons and standards which lead to peace and this needs acceptance of truth as the central aspect of morality"
            },
            {
                "question": "What happens when you nurture Truth?",
                "question_type": "subjective",
                "score": 85.6,
                "tag": "Truth, Reform, Self-improvement",
                "options": [],
                "answer": "According to Gandhi, when you nurture Truth, it yields more and more fruit, and the deeper the search in the mine of Truth, the richer the discovery of the gems buried there, in the shape of opening for an ever greater variety of service."
            },
            {
                "question": "What ultimately results from good actions according to Gandhi's beliefs?",
                "question_type": "subjective",
                "score": 87.52,
                "tag": "Morality, Karma, Gandhi's Philosophy",
                "options": [],
                "answer": "A good action is bound to bear the fruit in the end."
            },
            {
                "question": "What are the characteristics of a genuine democracy according to Gandhi?",
                "question_type": "subjective",
                "score": 87.53,
                "tag": [
                    "Democracy",
                    "Gandhi",
                    "Moral Lessons",
                    "Politics"
                ],
                "options": [],
                "answer": "A genuine democracy, according to Gandhi, should have meaning for all including the poorest and even the maimed, the blind, and the deaf, and requires a higher degree of seriousness of purpose and a sense of urgency."
            },
            {
                "question": "Are our present-day leaders ready to sacrifice and shed their narrow self-interest and loyalties for the good of larger goal of development and building of the nation to wipe out tears from every eye of poor and downtrodden people ?",
                "question_type": "subjective",
                "score": 82.5,
                "tag": [
                    "leadership",
                    "sacrifice",
                    "self-interest",
                    "nation-building",
                    "development"
                ],
                "options": [],
                "answer": "No, the rise and fall of the country essentially depends on the calibre of leaders who are trust-worthy in all respects and honoured by almost all the citizens of the nation and many present-day leaders dont fit this description"
            },
            {
                "question": "What is the correct approach to deal with a sinful person, according to Gandhi?",
                "question_type": "subjective",
                "score": 92.5,
                "tag": "morality",
                "options": [],
                "answer": "To hate the sin and not the sinner."
            },
            {
                "question": "'In what situation is one's faith truly tested?'",
                "question_type": "subjective",
                "score": 82.5,
                "tag": "faith, crisis, test",
                "options": [],
                "answer": "It is only during events of crisis that a man's faith is truly tested."
            },
            {
                "question": "What happens when politics is merely a matter of getting power and material wealth?",
                "question_type": "subjective",
                "score": 72.45,
                "tag": "politics, morality, power",
                "options": [],
                "answer": "The moral authority of politicians almost disappears as they are seen as opportunists."
            },
            {
                "question": "What are the characteristics of a true public worker according to Gandhi's teachings?",
                "question_type": "subjective",
                "score": 87.56,
                "tag": "PublicService, Humility, Selflessness, Transparency",
                "options": [],
                "answer": "A true public worker should be humble, simple, and selfless, working without any expectation of payment or reward. They should maintain transparency and accountability in their work, and be guided by the principles of service and self-help."
            },
            {
                "question": "Can physical education be underrated in a child's education?",
                "question_type": "subjective",
                "score": 85.4,
                "tag": [
                    "Education",
                    "Physical_Education"
                ],
                "options": [],
                "answer": "No, according to Gandhi, physical training should have equal importance in the curriculum and building body should not be underrated."
            },
            {
                "question": "Is it morally justifiable to exploit lower animals for human enjoyment?",
                "question_type": "subjective",
                "score": 92.7,
                "tag": "vegetarianism, morality, animal rights",
                "options": [],
                "answer": "No, ethically man's supremacy over the lower animals means not that the former should prey upon the latter, but that the higher should protect the lower."
            },
            {
                "question": "How can one find the key to lock out undesirable thoughts?",
                "question_type": "subjective",
                "score": 82.4,
                "tag": [
                    "self-discovery",
                    "thoughts",
                    "mindfulness"
                ],
                "options": [],
                "answer": "Saints and seers have given us their experiences, but everyone has to find it out for himself."
            },
            {
                "question": "What should one do when in a foreign land with different customs?",
                "question_type": "subjective",
                "score": 88.5,
                "tag": "culture-respect-tradition",
                "options": [],
                "answer": "One should respect the local customs and traditions, just like when at Rome do as Romans do."
            },
            {
                "question": "What should a votary of Truth do when he discovers himself to be wrong?",
                "question_type": "subjective",
                "score": 87.5,
                "tag": [
                    "Honesty",
                    "Integrity",
                    "Truthfulness"
                ],
                "options": [],
                "answer": "He must confess it at all costs and atone for it."
            },
            {
                "question": "Where is the man who has sympathy for the people?",
                "question_type": "subjective",
                "score": 92.2,
                "tag": [
                    "leader",
                    "sympathy",
                    "governance",
                    "society"
                ],
                "options": [],
                "answer": "The man that the people cry for is, according to Mahatma Gandhi, a dynamic, democratic leader who could guide the people towards a new social order and truly loves and sympathizes with them."
            },
            {
                "question": "Is there any political party which can claim steadfastness to its politics?",
                "question_type": "subjective",
                "score": 88.25,
                "tag": [
                    "Politics",
                    "Intolerance",
                    "Hypocrisy",
                    "Sincerity"
                ],
                "options": [],
                "answer": "According to the context, the answer would likely be 'no', as the passage highlights the prevalence of insincerity and sycophancy in Indian politics, suggesting a lack of steadfastness to politics in general."
            },
            {
                "question": "What should be the role of education in reversing the process of seeking pleasure, acquisition, and violence?",
                "question_type": "subjective",
                "score": 82.6,
                "tag": "education, morality, compassion",
                "options": [],
                "answer": "Education should be shaped as a potent weapon to reverse the process from seeking pleasure, acquisition, and violence to self-control, sharing, and compassion"
            },
            {
                "question": "Don't lawyers compromise their principles to win cases?",
                "question_type": "subjective",
                "score": 57.23,
                "tag": "Law, Ethics, Profession",
                "options": [],
                "answer": "No, according to Gandhi, a barrister should not compromise their principle by any means."
            },
            {
                "question": "Does imprisonment reduce the shame of having committed a wrongful act?",
                "question_type": "subjective",
                "score": 97.5,
                "tag": "morality, crime, penance",
                "options": [],
                "answer": "No, according to Gandhi, the real shame lies in committing the offence, not in going to jail"
            },
            {
                "question": "How should parents approach the upbringing of their children for their proper development?",
                "question_type": "subjective",
                "score": 87.5,
                "tag": [
                    "Parenting",
                    "Education",
                    "Child Development"
                ],
                "options": [],
                "answer": "Parents should have a general knowledge of the care and nursing of babies, and their physical and mental states during conception and pregnancy can affect the child's development. After birth, the child imitates the parents and depends on them for growth. A careful study of the subject is also essential."
            },
            {
                "question": "What does Gandhi mean by the phrase 'the absolute Truth, the eternal principle, that is God'?",
                "question_type": "subjective",
                "score": 87.5,
                "tag": "Truth, God, Gandhian Philosophy",
                "options": [],
                "answer": "According to Gandhi, the absolute Truth is not only truthfulness in word, but also truthfulness in thought, and it represents an eternal principle that he refers to as God."
            },
            {
                "question": "How can a teacher effectively handle a pupil's delinquency and make them realize their guilt?",
                "question_type": "subjective",
                "score": 87.5,
                "tag": "Education, Teacher, Pupil, Delinquency, Responsibility",
                "options": [],
                "answer": "By inflicting some form of penance on themselves, such as fasting, as it shows that the teacher is also accountable for the pupil's actions and can evoke feelings of guilt and responsibility in the pupil."
            },
            {
                "question": "Is jealousy a justifiable emotion in relationships?",
                "question_type": "subjective",
                "score": 67.8,
                "tag": [
                    "emotions",
                    "relationships",
                    "jealousy"
                ],
                "options": [],
                "answer": "According to the text, 'Jealousy does not wait for reasons', which suggests that jealousy is often irrational and can be unjustifiable."
            },
            {
                "question": "What are the complexities involved in community integration, especially at the global level?",
                "question_type": "subjective",
                "score": 85.72,
                "tag": "integration, community, complexity, global",
                "options": [],
                "answer": "The complexities involved in community integration at the global level include various factors such as economic systems, educational systems, class and caste structures, and interdependence between developed and underdeveloped communities. These factors are intricately linked, and change in one can affect the other. The global community must learn to live together on the principle of interdependence."
            }
        ]
    },
    "statistics": {
        "total_questions": 95,
        "objective_count": 49,
        "single_line_count": 3,
        "subjective_count": 43
    }
}